0,CountryName,Date,C1_School closing,C1_Flag_1,C1_Flag_2,C2_Workplace closing,C2_Flag_1,C2_Flag_2,C3_Cancel public events,C3_Flag_1,C3_Flag_2,C4_Restrictions on gatherings,C4_Flag_1,C4_Flag_2,C5_Close public transport,C5_Flag_1,C5_Flag_2,C6_Stay at home requirements,C6_Flag_1,C6_Flag_2,C7_Restrictions on internal movement,C7_Flag_1,C7_Flag_2,E1_Income support,E1_Flag_1,E1_Flag_2,ConfirmedCases,ConfirmedDeaths,StringencyIndex
5504,Colombia,1/1/2020,0,,,0,,,0,,,0,,,0,,,0,,,0,,,0,,,0,0,0
5505,Colombia,1/2/2020,0,,,0,,,0,,,0,,,0,,,0,,,0,,,0,,,0,0,0
5506,Colombia,1/3/2020,0,,,0,,,0,,,0,,,0,,,0,,,0,,,0,,,0,0,0
5507,Colombia,1/4/2020,0,,,0,,,0,,,0,,,0,,,0,,,0,,,0,,,0,0,0
5508,Colombia,1/5/2020,0,,,0,,,0,,,0,,,0,,,0,,,0,,,0,,,0,0,0
5509,Colombia,1/6/2020,0,,,0,,,0,,,0,,,0,,,0,,,0,,,0,,,0,0,0
5510,Colombia,1/7/2020,0,,,0,,,0,,,0,,,0,,,0,,,0,,,0,,,0,0,0
5511,Colombia,1/8/2020,0,,,0,,,0,,,0,,,0,,,0,,,0,,,0,,,0,0,0
5512,Colombia,1/9/2020,0,,,0,,,0,,,0,,,0,,,0,,,0,,,0,,,0,0,0
5513,Colombia,1/10/2020,0,,,0,,,0,,,0,,,0,,,0,,,0,,,0,,,0,0,0
5514,Colombia,1/11/2020,0,,,0,,,0,,,0,,,0,,,0,,,0,,,0,,,0,0,0
5515,Colombia,1/12/2020,0,,,0,,,0,,,0,,,0,,,0,,,0,,,0,,,0,0,0
5516,Colombia,1/13/2020,0,,,0,,,0,,,0,,,0,,,0,,,0,,,0,,,0,0,0
5517,Colombia,1/14/2020,0,,,0,,,0,,,0,,,0,,,0,,,0,,,0,,,0,0,0
5518,Colombia,1/15/2020,0,,,0,,,0,,,0,,,0,,,0,,,0,,,0,,,0,0,0
5519,Colombia,1/16/2020,0,,,0,,,0,,,0,,,0,,,0,,,0,,,0,,,0,0,0
5520,Colombia,1/17/2020,0,,,0,,,0,,,0,,,0,,,0,,,0,,,0,,,0,0,0
5521,Colombia,1/18/2020,0,,,0,,,0,,,0,,,0,,,0,,,0,,,0,,,0,0,0
5522,Colombia,1/19/2020,0,,,0,,,0,,,0,,,0,,,0,,,0,,,0,,,0,0,0
5523,Colombia,1/20/2020,0,,,0,,,0,,,0,,,0,,,0,,,0,,,0,,,0,0,0
5524,Colombia,1/21/2020,0,,,0,,,0,,,0,,,0,,,0,,,0,,,0,,,0,0,8.33
5525,Colombia,1/22/2020,0,,,0,,,0,,,0,,,0,,,0,,,0,,,0,,,0,0,8.33
5526,Colombia,1/23/2020,0,,,0,,,0,,,0,,,0,,,0,,,0,,,0,,,0,0,8.33
5527,Colombia,1/24/2020,0,,,0,,,0,,,0,,,0,,,0,,,0,,,0,,,0,0,8.33
5528,Colombia,1/25/2020,0,,,0,,,0,,,0,,,0,,,0,,,0,,,0,,,0,0,8.33
5529,Colombia,1/26/2020,0,,,0,,,0,,,0,,,0,,,0,,,0,,,0,,,0,0,8.33
5530,Colombia,1/27/2020,0,,,0,,,0,,,0,,,0,,,0,,,0,,,0,,,0,0,8.33
5531,Colombia,1/28/2020,0,,,0,,,0,,,0,,,0,,,0,,,0,,,0,,,0,0,8.33
5532,Colombia,1/29/2020,0,,,0,,,0,,,0,,,0,,,0,,,0,,,0,,,0,0,8.33
5533,Colombia,1/30/2020,0,,,0,,,0,,,0,,,0,,,0,,,0,,,0,,,0,0,8.33
5534,Colombia,1/31/2020,0,,,0,,,0,,,0,,,0,,,0,,,0,,,0,,,0,0,8.33
5535,Colombia,2/1/2020,0,,,0,,,0,,,0,,,0,,,0,,,0,,,0,,,0,0,8.33
5536,Colombia,2/2/2020,0,,,0,,,0,,,0,,,0,,,0,,,0,,,0,,,0,0,8.33
5537,Colombia,2/3/2020,0,,,0,,,0,,,0,,,0,,,0,,,0,,,0,,,0,0,8.33
5538,Colombia,2/4/2020,0,,,0,,,0,,,0,,,0,,,0,,,0,,,0,,,0,0,8.33
5539,Colombia,2/5/2020,0,,,0,,,0,,,0,,,0,,,0,,,0,,,0,,,0,0,8.33
5540,Colombia,2/6/2020,0,,,0,,,0,,,0,,,0,,,0,,,0,,,0,,,0,0,8.33
5541,Colombia,2/7/2020,0,,,0,,,0,,,0,,,0,,,0,,,0,,,0,,,0,0,8.33
5542,Colombia,2/8/2020,0,,,0,,,0,,,0,,,0,,,0,,,0,,,0,,,0,0,8.33
5543,Colombia,2/9/2020,0,,,0,,,0,,,0,,,0,,,0,,,0,,,0,,,0,0,8.33
5544,Colombia,2/10/2020,0,,,0,,,0,,,0,,,0,,,0,,,0,,,0,,,0,0,8.33
5545,Colombia,2/11/2020,0,,,0,,,0,,,0,,,0,,,0,,,0,,,0,,,0,0,8.33
5546,Colombia,2/12/2020,0,,,0,,,0,,,0,,,0,,,0,,,0,,,0,,,0,0,8.33
5547,Colombia,2/13/2020,0,,,0,,,0,,,0,,,0,,,0,,,0,,,0,,,0,0,8.33
5548,Colombia,2/14/2020,0,,,0,,,0,,,0,,,0,,,0,,,0,,,0,,,0,0,8.33
5549,Colombia,2/15/2020,0,,,0,,,0,,,0,,,0,,,0,,,0,,,0,,,0,0,8.33
5550,Colombia,2/16/2020,0,,,0,,,0,,,0,,,0,,,0,,,0,,,0,,,0,0,8.33
5551,Colombia,2/17/2020,0,,,0,,,0,,,0,,,0,,,0,,,0,,,0,,,0,0,8.33
5552,Colombia,2/18/2020,0,,,0,,,0,,,0,,,0,,,0,,,0,,,0,,,0,0,8.33
5553,Colombia,2/19/2020,0,,,0,,,0,,,0,,,0,,,0,,,0,,,0,,,0,0,8.33
5554,Colombia,2/20/2020,0,,,0,,,0,,,0,,,0,,,0,,,0,,,0,,,0,0,8.33
5555,Colombia,2/21/2020,0,,,0,,,0,,,0,,,0,,,0,,,0,,,0,,,0,0,8.33
5556,Colombia,2/22/2020,0,,,0,,,0,,,0,,,0,,,0,,,0,,,0,,,0,0,8.33
5557,Colombia,2/23/2020,0,,,0,,,0,,,0,,,0,,,0,,,0,,,0,,,0,0,8.33
5558,Colombia,2/24/2020,0,,,1,1,,0,,,0,,,0,,,0,,,0,,,0,,,0,0,12.04
5559,Colombia,2/25/2020,0,,,1,1,,0,,,0,,,0,,,0,,,0,,,0,,,0,0,12.04
5560,Colombia,2/26/2020,0,,,1,1,,0,,,0,,,0,,,0,,,0,,,0,,,0,0,12.04
5561,Colombia,2/27/2020,0,,,1,1,,0,,,0,,,0,,,0,,,0,,,0,,,0,0,12.04
5562,Colombia,2/28/2020,0,,,1,1,,0,,,0,,,0,,,0,,,0,,,0,,,0,0,12.04
5563,Colombia,2/29/2020,0,,,1,1,,0,,,0,,,0,,,0,,,0,,,0,,,0,0,12.04
5564,Colombia,3/1/2020,0,,,1,1,,0,,,0,,,0,,,0,,,0,,,0,,,0,0,12.04
5565,Colombia,3/2/2020,0,,,1,1,,0,,,0,,,0,,,0,,,0,,,0,,,0,0,12.04
5566,Colombia,3/3/2020,0,,,1,1,,0,,,0,,,0,,,0,,,0,,,0,,,0,0,12.04
5567,Colombia,3/4/2020,0,,,1,1,,0,,,0,,,0,,,0,,,0,,,0,,,0,0,12.04
5568,Colombia,3/5/2020,0,,,1,1,,0,,,0,,,0,,,0,,,0,,,0,,,0,0,12.04
5569,Colombia,3/6/2020,0,,,1,1,,0,,,0,,,0,,,0,,,0,,,0,,,1,0,12.04
5570,Colombia,3/7/2020,0,,,1,1,,0,,,0,,,0,,,0,,,0,,,0,,,1,0,12.04
5571,Colombia,3/8/2020,0,,,1,1,,0,,,0,,,0,,,0,,,0,,,0,,,1,0,12.04
5572,Colombia,3/9/2020,0,,,1,1,,0,,,0,,,0,,,0,,,0,,,0,,,1,0,14.81
5573,Colombia,3/10/2020,0,,,1,1,,0,,,0,,,0,,,0,,,0,,,0,,,3,0,14.81
5574,Colombia,3/11/2020,0,,,1,1,,0,,,0,,,0,,,0,,,0,,,0,,,9,0,14.81
5575,Colombia,3/12/2020,0,,,1,1,,2,0,,2,1,,0,,,0,,,0,,,0,,,9,0,34.26
5576,Colombia,3/13/2020,0,,,1,1,,2,0,,2,1,,0,,,0,,,0,,,0,,,13,0,34.26
5577,Colombia,3/14/2020,0,,,1,1,,2,0,,2,1,,0,,,0,,,0,,,0,,,22,0,34.26
5578,Colombia,3/15/2020,0,,,1,1,,2,0,,2,1,,0,,,0,,,0,,,0,,,34,0,34.26
5579,Colombia,3/16/2020,3,,1,1,1,,2,0,,2,1,,0,,,0,,,0,,,0,,,54,0,45.37
5580,Colombia,3/17/2020,3,,1,1,1,,2,1,,3,1,,0,,,0,,,0,,,0,,,65,0,50.93
5581,Colombia,3/18/2020,3,,1,1,1,,2,1,,3,1,,0,,,0,,,0,,,0,,,93,0,50.93
5582,Colombia,3/19/2020,3,,1,1,1,,2,1,,3,1,,0,,,0,,,0,,,0,,,102,0,50.93
5583,Colombia,3/20/2020,3,,1,1,1,,2,1,,3,1,,0,,,0,,,0,,,0,,,128,0,50.93
5584,Colombia,3/21/2020,3,,1,1,1,,2,1,,3,1,,0,,,0,,,0,,,0,,,196,0,50.93
5585,Colombia,3/22/2020,3,,1,1,1,,2,1,,3,1,,0,,,0,,,0,,,0,,,231,2,50.93
5586,Colombia,3/23/2020,3,,1,1,1,,2,1,,3,1,,0,,,0,,,0,,,0,,,277,3,53.7
5587,Colombia,3/24/2020,3,,1,1,1,,2,1,,3,1,,0,,,0,,,0,,,0,,,378,3,53.7
5588,Colombia,3/25/2020,3,,1,3,1,,2,1,,3,1,,1,1,,2,1,,2,1,,0,,,470,4,87.96
5589,Colombia,3/26/2020,3,,1,3,1,,2,1,,3,1,,1,1,,2,1,,2,1,,0,,,491,6,87.96
5590,Colombia,3/27/2020,3,,1,3,1,,2,1,,3,1,,1,1,,2,1,,2,1,,0,,,539,6,87.96
5591,Colombia,3/28/2020,3,,1,3,1,,2,1,,3,1,,1,1,,2,1,,2,1,,0,,,608,6,87.96
5592,Colombia,3/29/2020,3,,1,3,1,,2,1,,3,1,,1,1,,2,1,,2,1,,0,,,702,10,87.96
5593,Colombia,3/30/2020,3,,1,3,1,,2,1,,3,1,,1,1,,2,1,,2,1,,0,,,798,12,87.96
5594,Colombia,3/31/2020,3,,1,3,1,,2,1,,3,1,,1,1,,2,1,,2,1,,0,,,906,16,87.96
5595,Colombia,4/1/2020,3,,1,3,1,,2,1,,3,1,,1,1,,2,1,,2,1,,0,,,1065,17,87.96
5596,Colombia,4/2/2020,3,,1,3,1,,2,1,,3,1,,1,1,,2,1,,2,1,,0,,,1161,19,87.96
5597,Colombia,4/3/2020,3,,1,3,1,,2,1,,3,1,,1,1,,2,1,,2,1,,0,,,1267,25,87.96
5598,Colombia,4/4/2020,3,,1,3,1,,2,1,,3,1,,1,1,,2,1,,2,1,,0,,,1406,32,87.96
5599,Colombia,4/5/2020,3,,1,3,1,,2,1,,3,1,,1,1,,2,1,,2,1,,0,,,1485,35,87.96
5600,Colombia,4/6/2020,3,,1,3,1,,2,1,,3,1,,1,1,,2,1,,2,1,,0,,,1579,46,87.96
5601,Colombia,4/7/2020,3,,1,3,1,,2,1,,3,1,,1,1,,2,1,,2,1,,1,1,,1780,50,87.96
5602,Colombia,4/8/2020,3,,1,3,1,,2,1,,3,1,,1,1,,2,1,,2,1,,1,1,,2054,54,87.96
5603,Colombia,4/9/2020,3,,1,3,1,,2,1,,3,1,,1,1,,2,1,,2,1,,1,1,,2223,69,87.96
5604,Colombia,4/10/2020,3,,1,3,1,,2,1,,3,1,,1,1,,2,1,,2,1,,1,1,,2473,80,87.96
5605,Colombia,4/11/2020,3,,1,3,1,,2,1,,3,1,,1,1,,2,1,,2,1,,1,1,,2709,100,87.96
5606,Colombia,4/12/2020,3,,1,3,1,,2,1,,3,1,,1,1,,2,1,,2,1,,1,1,,2776,109,87.96
5607,Colombia,4/13/2020,3,,1,3,1,,2,1,,3,1,,1,1,,2,1,,2,1,,1,1,,2852,112,87.96
5608,Colombia,4/14/2020,3,,1,2,1,,2,1,,3,1,,1,1,,2,1,,2,1,,1,1,,2979,127,84.26
5609,Colombia,4/15/2020,3,,1,2,1,,2,1,,3,1,,1,1,,2,1,,2,1,,1,1,,3105,131,84.26
5610,Colombia,4/16/2020,3,,1,2,1,,2,1,,3,1,,1,1,,2,1,,2,1,,1,1,,3233,144,84.26
5611,Colombia,4/17/2020,3,,1,2,1,,2,1,,3,1,,1,1,,2,1,,2,1,,1,1,,3439,153,84.26
5612,Colombia,4/18/2020,3,,1,2,1,,2,1,,3,1,,1,1,,2,1,,2,1,,1,1,,3439,153,84.26
5613,Colombia,4/19/2020,3,,1,2,1,,2,1,,3,1,,1,1,,2,1,,2,1,,1,1,,3792,179,84.26
5614,Colombia,4/20/2020,3,,1,2,1,,2,1,,3,1,,1,1,,2,1,,2,1,,1,1,,3977,189,84.26
5615,Colombia,4/21/2020,3,,1,2,1,,2,1,,3,1,,1,1,,2,1,,2,1,,1,1,,4149,196,84.26
5616,Colombia,4/22/2020,3,,1,2,1,,2,1,,3,1,,1,1,,2,1,,2,1,,1,1,,4356,206,84.26
5617,Colombia,4/23/2020,3,,1,2,1,,2,1,,3,1,,1,1,,2,1,,2,1,,1,1,,4561,215,84.26
5618,Colombia,4/24/2020,3,,1,2,1,,2,1,,4,1,,1,1,,2,1,,2,1,,1,1,,4881,225,87.04
5619,Colombia,4/25/2020,3,,1,2,1,,2,1,,4,1,,1,1,,2,1,,2,1,,1,1,,5142,233,87.04
5620,Colombia,4/26/2020,3,,1,2,1,,2,1,,4,1,,1,1,,2,1,,2,1,,1,1,,5379,244,87.04
5621,Colombia,4/27/2020,3,,1,3,1,,2,1,,4,1,,1,1,,2,1,,2,1,,1,1,,5597,253,90.74
5622,Colombia,4/28/2020,3,,1,3,1,,2,1,,4,1,,1,1,,2,1,,2,1,,1,1,,5949,269,90.74
5623,Colombia,4/29/2020,3,,1,3,1,,2,1,,4,1,,1,1,,2,1,,2,1,,1,1,,6207,278,90.74
5624,Colombia,4/30/2020,3,,1,3,1,,2,1,,4,1,,1,1,,2,1,,2,1,,1,1,,6507,293,90.74
5625,Colombia,5/1/2020,3,,1,3,1,,2,1,,4,1,,1,1,,2,1,,2,1,,1,1,,7006,314,90.74
5626,Colombia,5/2/2020,3,,1,3,1,,2,1,,4,1,,1,1,,2,1,,2,1,,1,1,,7285,324,90.74
5627,Colombia,5/3/2020,3,,1,3,1,,2,1,,4,1,,1,1,,2,1,,2,1,,1,1,,7668,340,90.74
5628,Colombia,5/4/2020,3,,1,3,1,,2,1,,4,1,,1,1,,2,1,,2,1,,1,1,,7973,358,90.74
5629,Colombia,5/5/2020,3,,1,3,1,,2,1,,4,1,,1,1,,2,1,,2,1,,1,1,,8613,378,90.74
5630,Colombia,5/6/2020,3,,1,2,1,,2,1,,4,1,,1,1,,2,1,,2,1,,1,1,,8959,397,87.04
5631,Colombia,5/7/2020,3,,1,2,1,,2,1,,4,1,,1,1,,2,1,,2,1,,1,1,,9456,407,87.04
5632,Colombia,5/8/2020,3,,1,2,1,,2,1,,4,1,,1,1,,2,1,,2,1,,1,1,,10051,428,87.04
5633,Colombia,5/9/2020,3,,1,2,1,,2,1,,4,1,,1,1,,2,1,,2,1,,1,1,,10495,445,87.04
5634,Colombia,5/10/2020,3,,1,2,1,,2,1,,4,1,,1,1,,2,1,,2,1,,1,1,,11063,463,87.04
5635,Colombia,5/11/2020,3,,1,2,1,,2,1,,4,1,,1,1,,2,1,,2,1,,1,1,,11613,479,87.04
5636,Colombia,5/12/2020,3,,1,2,1,,2,1,,4,1,,1,1,,2,1,,2,1,,1,1,,12272,493,87.04
5637,Colombia,5/13/2020,3,,1,2,1,,2,1,,4,1,,1,1,,2,1,,2,1,,1,1,,12930,509,87.04
5638,Colombia,5/14/2020,3,,1,2,1,,2,1,,4,1,,1,1,,2,1,,2,1,,1,1,,13610,525,87.04
5639,Colombia,5/15/2020,3,,1,2,1,,2,1,,4,1,,1,1,,2,1,,2,1,,1,1,,14216,546,87.04
5640,Colombia,5/16/2020,3,,1,2,1,,2,1,,4,1,,1,1,,2,1,,2,1,,1,1,,14939,562,87.04
5641,Colombia,5/17/2020,3,,1,2,1,,2,1,,4,1,,1,1,,2,1,,2,1,,1,1,,15574,574,87.04
5642,Colombia,5/18/2020,3,,1,2,1,,2,1,,4,1,,1,1,,2,1,,2,1,,1,1,,16295,592,87.04
5643,Colombia,5/19/2020,3,,1,2,1,,2,1,,4,1,,1,1,,2,1,,2,1,,1,1,,16935,613,87.04
5644,Colombia,5/20/2020,3,,1,2,1,,2,1,,4,1,,1,1,,2,1,,2,1,,1,1,,17687,630,87.04
5645,Colombia,5/21/2020,3,,1,2,1,,2,1,,4,1,,1,1,,2,1,,2,1,,1,1,,18330,652,87.04
5646,Colombia,5/22/2020,3,,1,2,1,,2,1,,4,1,,1,1,,2,1,,2,1,,1,1,,19131,682,87.04
5647,Colombia,5/23/2020,3,,1,2,1,,2,1,,4,1,,1,1,,2,1,,2,1,,1,1,,20177,705,87.04
5648,Colombia,5/24/2020,3,,1,2,1,,2,1,,4,1,,1,1,,2,1,,2,1,,1,1,,21175,727,87.04
5649,Colombia,5/25/2020,3,,1,2,1,,2,1,,4,1,,1,1,,2,1,,2,1,,1,1,,21981,750,87.04
5650,Colombia,5/26/2020,3,,1,2,1,,2,1,,4,1,,1,1,,2,1,,2,1,,1,1,,23003,776,87.04
5651,Colombia,5/27/2020,3,,1,2,1,,2,1,,4,1,,1,1,,2,1,,2,1,,1,1,,24104,803,87.04
5652,Colombia,5/28/2020,3,,1,2,1,,2,1,,4,1,,1,1,,2,1,,2,1,,1,1,,24141,833,87.04
5653,Colombia,5/29/2020,,,,,,,,,,,,,,,,,,,,,,,,,25406,855,
5654,Colombia,5/30/2020,,,,,,,,,,,,,,,,,,,,,,,,,26734,891,
5655,Colombia,5/31/2020,,,,,,,,,,,,,,,,,,,,,,,,,27219,916,
6419,Germany,1/1/2020,0,,,0,,,0,,,0,,,0,,,0,,,0,,,0,,,0,0,0
6420,Germany,1/2/2020,0,,,0,,,0,,,0,,,0,,,0,,,0,,,0,,,0,0,0
6421,Germany,1/3/2020,0,,,0,,,0,,,0,,,0,,,0,,,0,,,0,,,0,0,0
6422,Germany,1/4/2020,0,,,0,,,0,,,0,,,0,,,0,,,0,,,0,,,0,0,0
6423,Germany,1/5/2020,0,,,0,,,0,,,0,,,0,,,0,,,0,,,0,,,0,0,0
6424,Germany,1/6/2020,0,,,0,,,0,,,0,,,0,,,0,,,0,,,0,,,0,0,0
6425,Germany,1/7/2020,0,,,0,,,0,,,0,,,0,,,0,,,0,,,0,,,0,0,0
6426,Germany,1/8/2020,0,,,0,,,0,,,0,,,0,,,0,,,0,,,0,,,0,0,0
6427,Germany,1/9/2020,0,,,0,,,0,,,0,,,0,,,0,,,0,,,0,,,0,0,0
6428,Germany,1/10/2020,0,,,0,,,0,,,0,,,0,,,0,,,0,,,0,,,0,0,0
6429,Germany,1/11/2020,0,,,0,,,0,,,0,,,0,,,0,,,0,,,0,,,0,0,0
6430,Germany,1/12/2020,0,,,0,,,0,,,0,,,0,,,0,,,0,,,0,,,0,0,0
6431,Germany,1/13/2020,0,,,0,,,0,,,0,,,0,,,0,,,0,,,0,,,0,0,0
6432,Germany,1/14/2020,0,,,0,,,0,,,0,,,0,,,0,,,0,,,0,,,0,0,0
6433,Germany,1/15/2020,0,,,0,,,0,,,0,,,0,,,0,,,0,,,0,,,0,0,0
6434,Germany,1/16/2020,0,,,0,,,0,,,0,,,0,,,0,,,0,,,0,,,0,0,0
6435,Germany,1/17/2020,0,,,0,,,0,,,0,,,0,,,0,,,0,,,0,,,0,0,0
6436,Germany,1/18/2020,0,,,0,,,0,,,0,,,0,,,0,,,0,,,0,,,0,0,0
6437,Germany,1/19/2020,0,,,0,,,0,,,0,,,0,,,0,,,0,,,0,,,0,0,0
6438,Germany,1/20/2020,0,,,0,,,0,,,0,,,0,,,0,,,0,,,0,,,0,0,0
6439,Germany,1/21/2020,0,,,0,,,0,,,0,,,0,,,0,,,0,,,0,,,0,0,0
6440,Germany,1/22/2020,0,,,0,,,0,,,0,,,0,,,0,,,0,,,0,,,0,0,0
6441,Germany,1/23/2020,0,,,0,,,0,,,0,,,0,,,0,,,0,,,0,,,0,0,0
6442,Germany,1/24/2020,0,,,0,,,0,,,0,,,0,,,0,,,0,,,0,,,0,0,5.56
6443,Germany,1/25/2020,0,,,0,,,0,,,0,,,0,,,0,,,0,,,0,,,0,0,5.56
6444,Germany,1/26/2020,0,,,0,,,0,,,0,,,0,,,0,,,0,,,0,,,0,0,5.56
6445,Germany,1/27/2020,0,,,0,,,0,,,0,,,0,,,0,,,0,,,0,,,1,0,5.56
6446,Germany,1/28/2020,0,,,0,,,0,,,0,,,0,,,0,,,0,,,0,,,4,0,5.56
6447,Germany,1/29/2020,0,,,0,,,0,,,0,,,0,,,0,,,0,,,0,,,4,0,5.56
6448,Germany,1/30/2020,0,,,0,,,0,,,0,,,0,,,0,,,0,,,0,,,4,0,5.56
6450,Germany,1/31/2020,0,,,0,,,0,,,0,,,0,,,0,,,0,,,0,,,5,0,5.56
6451,Germany,2/1/2020,0,,,0,,,0,,,0,,,0,,,0,,,0,,,0,,,8,0,5.56
6452,Germany,2/2/2020,0,,,0,,,0,,,0,,,0,,,0,,,0,,,0,,,10,0,5.56
6453,Germany,2/3/2020,0,,,0,,,0,,,0,,,0,,,0,,,0,,,0,,,12,0,5.56
6454,Germany,2/4/2020,0,,,0,,,0,,,0,,,0,,,0,,,0,,,0,,,12,0,5.56
6455,Germany,2/5/2020,0,,,0,,,0,,,0,,,0,,,0,,,0,,,0,,,12,0,5.56
6456,Germany,2/6/2020,0,,,0,,,0,,,0,,,0,,,0,,,0,,,0,,,12,0,5.56
6457,Germany,2/7/2020,0,,,0,,,0,,,0,,,0,,,0,,,0,,,0,,,13,0,5.56
6458,Germany,2/8/2020,0,,,0,,,0,,,0,,,0,,,0,,,0,,,0,,,13,0,5.56
6459,Germany,2/9/2020,0,,,0,,,0,,,0,,,0,,,0,,,0,,,0,,,14,0,5.56
6460,Germany,2/10/2020,0,,,0,,,0,,,0,,,0,,,0,,,0,,,0,,,14,0,5.56
6461,Germany,2/11/2020,0,,,0,,,0,,,0,,,0,,,0,,,0,,,0,,,16,0,5.56
6462,Germany,2/12/2020,0,,,0,,,0,,,0,,,0,,,0,,,0,,,0,,,16,0,11.11
6463,Germany,2/13/2020,0,,,0,,,0,,,0,,,0,,,0,,,0,,,0,,,16,0,11.11
6464,Germany,2/14/2020,0,,,0,,,0,,,0,,,0,,,0,,,0,,,0,,,16,0,11.11
6465,Germany,2/15/2020,0,,,0,,,0,,,0,,,0,,,0,,,0,,,0,,,16,0,11.11
6466,Germany,2/16/2020,0,,,0,,,0,,,0,,,0,,,0,,,0,,,0,,,16,0,11.11
6467,Germany,2/17/2020,0,,,0,,,0,,,0,,,0,,,0,,,0,,,0,,,16,0,11.11
6468,Germany,2/18/2020,0,,,0,,,0,,,0,,,0,,,0,,,0,,,0,,,16,0,11.11
6469,Germany,2/19/2020,0,,,0,,,0,,,0,,,0,,,0,,,0,,,0,,,16,0,11.11
6470,Germany,2/20/2020,0,,,0,,,0,,,0,,,0,,,0,,,0,,,0,,,16,0,11.11
6471,Germany,2/21/2020,0,,,0,,,0,,,0,,,0,,,0,,,0,,,0,,,16,0,11.11
6472,Germany,2/22/2020,0,,,0,,,0,,,0,,,0,,,0,,,0,,,0,,,16,0,11.11
6473,Germany,2/23/2020,0,,,0,,,0,,,0,,,0,,,0,,,0,,,0,,,16,0,11.11
6474,Germany,2/24/2020,0,,,0,,,0,,,0,,,0,,,0,,,0,,,0,,,16,0,11.11
6475,Germany,2/25/2020,0,,,0,,,0,,,0,,,0,,,0,,,0,,,0,,,17,0,11.11
6476,Germany,2/26/2020,2,,0,0,,,0,,,0,,,0,,,0,,,0,,,0,,,27,0,16.67
6477,Germany,2/27/2020,2,,0,0,,,0,,,0,,,0,,,0,,,0,,,0,,,46,0,16.67
6478,Germany,2/28/2020,2,,0,0,,,0,,,0,,,0,,,0,,,0,,,0,,,48,0,19.44
6479,Germany,2/29/2020,2,,0,0,,,1,1,,0,,,0,,,0,,,0,,,0,,,79,0,25
6480,Germany,3/1/2020,2,,0,0,,,1,1,,0,,,0,,,0,,,0,,,0,,,130,0,25
6481,Germany,3/2/2020,2,,0,0,,,1,1,,0,,,0,,,0,,,0,,,0,,,159,0,25
6482,Germany,3/3/2020,2,,0,0,,,1,1,,0,,,0,,,0,,,0,,,0,,,196,0,25
6483,Germany,3/4/2020,2,,0,0,,,1,1,,0,,,0,,,0,,,0,,,0,,,262,0,25
6484,Germany,3/5/2020,2,,0,0,,,1,1,,0,,,0,,,0,,,0,,,0,,,482,0,25
6485,Germany,3/6/2020,2,,0,0,,,1,1,,0,,,0,,,0,,,0,,,0,,,670,0,25
6486,Germany,3/7/2020,2,,0,0,,,1,1,,0,,,0,,,0,,,0,,,0,,,799,0,25
6487,Germany,3/8/2020,2,,0,0,,,1,1,,0,,,0,,,0,,,0,,,0,,,1040,0,25
6488,Germany,3/9/2020,2,,0,0,,,1,1,,0,,,0,,,1,1,,0,,,0,,,1176,2,28.7
6489,Germany,3/10/2020,2,,0,0,,,2,0,,1,0,,0,,,1,1,,0,,,0,,,1457,2,32.87
6490,Germany,3/11/2020,2,,0,0,,,2,0,,1,0,,0,,,1,1,,0,,,0,,,1908,3,32.87
6491,Germany,3/12/2020,2,,0,0,,,2,0,,1,0,,0,,,1,1,,0,,,0,,,2078,3,32.87
6492,Germany,3/13/2020,2,,0,0,,,2,0,,1,0,,0,,,1,1,,0,,,0,,,3675,7,32.87
6493,Germany,3/14/2020,2,,0,0,,,2,0,,1,0,,0,,,1,1,,0,,,0,,,4585,9,32.87
6494,Germany,3/15/2020,2,,0,0,,,2,0,,1,0,,0,,,1,1,,0,,,0,,,5795,11,32.87
6495,Germany,3/16/2020,3,,0,0,,,2,0,,1,0,,0,,,1,1,,0,,,2,0,,7272,17,42.13
6496,Germany,3/17/2020,3,,0,0,,,2,0,,1,0,,0,,,1,1,,0,,,2,0,,9257,24,42.13
6497,Germany,3/18/2020,3,,1,0,,,2,0,,1,0,,0,,,1,1,,1,1,,2,0,,12327,28,52.31
6498,Germany,3/19/2020,3,,1,0,,,2,0,,1,0,,0,,,1,1,,2,0,,2,0,,15320,44,55.09
6499,Germany,3/20/2020,3,,1,0,,,2,1,,1,0,,0,,,1,1,,2,0,,2,0,,19848,67,57.87
6500,Germany,3/21/2020,3,,1,0,,,2,1,,4,0,,0,,,2,0,,2,0,,2,0,,22213,84,68.06
6501,Germany,3/22/2020,3,,1,1,1,,2,1,,4,1,,0,,,2,0,,2,0,,2,0,,24873,94,73.15
6502,Germany,3/23/2020,3,,1,1,1,,2,1,,4,1,,0,,,2,0,,2,0,,2,0,,29056,123,73.15
6503,Germany,3/24/2020,3,,1,1,1,,2,1,,4,1,,0,,,2,0,,2,0,,2,0,,32986,157,73.15
6504,Germany,3/25/2020,3,,1,1,1,,2,1,,4,1,,0,,,2,0,,2,0,,2,0,,37323,206,73.15
6505,Germany,3/26/2020,3,,1,1,1,,2,1,,4,1,,0,,,2,0,,2,0,,2,0,,43938,267,73.15
6506,Germany,3/27/2020,3,,1,1,1,,2,1,,4,1,,0,,,2,0,,2,0,,2,0,,50871,342,73.15
6507,Germany,3/28/2020,3,,1,1,1,,2,1,,4,1,,0,,,2,0,,2,0,,2,0,,57695,433,73.15
6508,Germany,3/29/2020,3,,1,1,1,,2,1,,4,1,,0,,,2,0,,2,0,,2,0,,62095,533,73.15
6509,Germany,3/30/2020,3,,1,1,1,,2,1,,4,1,,0,,,2,0,,2,0,,2,0,,66885,645,73.15
6510,Germany,3/31/2020,3,,1,1,1,,2,1,,4,1,,0,,,2,0,,2,0,,2,0,,71808,775,73.15
6511,Germany,4/1/2020,3,,1,1,1,,2,1,,4,1,,0,,,2,0,,2,0,,2,0,,77872,920,73.15
6512,Germany,4/2/2020,3,,1,1,1,,2,1,,4,1,,0,,,2,0,,2,0,,2,0,,84794,1107,73.15
6513,Germany,4/3/2020,3,,1,1,1,,2,1,,4,1,,0,,,2,0,,2,0,,2,0,,91159,1275,73.15
6514,Germany,4/4/2020,3,,1,1,1,,2,1,,4,1,,0,,,2,0,,2,0,,2,0,,96092,1444,73.15
6515,Germany,4/5/2020,3,,1,1,1,,2,1,,4,1,,0,,,2,0,,2,0,,2,0,,100123,1584,73.15
6516,Germany,4/6/2020,3,,1,1,1,,2,1,,4,1,,0,,,2,0,,2,0,,2,0,,103374,1810,73.15
6517,Germany,4/7/2020,3,,1,1,1,,2,1,,4,1,,0,,,2,0,,2,0,,2,0,,107663,2016,73.15
6518,Germany,4/8/2020,3,,1,1,1,,2,1,,4,1,,0,,,2,0,,2,0,,2,0,,113296,2349,73.15
6519,Germany,4/9/2020,3,,1,1,1,,2,1,,4,1,,0,,,2,0,,2,0,,2,0,,118181,2607,73.15
6520,Germany,4/10/2020,3,,1,1,1,,2,1,,4,1,,0,,,2,0,,2,0,,2,0,,122171,2767,73.15
6521,Germany,4/11/2020,3,,1,1,1,,2,1,,4,1,,0,,,2,0,,2,0,,2,0,,124908,2736,73.15
6522,Germany,4/12/2020,3,,1,1,1,,2,1,,4,1,,0,,,2,0,,2,0,,2,0,,127854,3022,73.15
6523,Germany,4/13/2020,3,,1,1,1,,2,1,,4,1,,0,,,2,0,,2,0,,2,0,,130072,3194,73.15
6524,Germany,4/14/2020,3,,1,1,1,,2,1,,4,1,,0,,,2,0,,2,0,,2,0,,131359,3294,73.15
6525,Germany,4/15/2020,3,,1,1,1,,2,1,,4,1,,0,,,2,0,,2,0,,2,0,,134753,3804,73.15
6526,Germany,4/16/2020,3,,1,1,1,,2,1,,4,1,,0,,,2,0,,2,0,,2,0,,137698,4052,73.15
6527,Germany,4/17/2020,3,,1,1,1,,2,1,,4,1,,0,,,2,0,,2,0,,2,0,,141397,4352,73.15
6528,Germany,4/18/2020,3,,1,1,1,,2,1,,4,1,,0,,,2,0,,2,0,,2,0,,143342,4459,73.15
6529,Germany,4/19/2020,3,,1,1,1,,2,1,,4,1,,0,,,2,0,,2,0,,2,0,,145184,4586,73.15
6530,Germany,4/20/2020,3,,1,1,1,,2,1,,4,1,,0,,,2,0,,2,0,,2,0,,147065,4862,73.15
6531,Germany,4/21/2020,3,,1,1,1,,2,1,,4,1,,0,,,2,0,,2,0,,2,0,,148291,5033,73.15
6532,Germany,4/22/2020,3,,1,1,1,,2,1,,4,1,,0,,,2,0,,2,0,,2,0,,150648,5279,73.15
6533,Germany,4/23/2020,3,,1,1,1,,2,1,,4,1,,0,,,2,0,,2,0,,2,0,,153129,5575,73.15
6534,Germany,4/24/2020,3,,1,1,1,,2,1,,4,1,,0,,,2,0,,2,0,,2,0,,154999,5760,73.15
6535,Germany,4/25/2020,3,,1,1,1,,2,1,,4,1,,0,,,2,0,,2,0,,2,0,,156513,5877,73.15
6536,Germany,4/26/2020,3,,1,1,1,,2,1,,4,1,,0,,,2,0,,2,0,,2,0,,157770,5976,73.15
6537,Germany,4/27/2020,3,,1,1,1,,2,1,,4,1,,0,,,2,0,,2,0,,2,0,,158758,6126,73.15
6538,Germany,4/28/2020,3,,1,1,1,,2,1,,4,1,,0,,,2,0,,2,0,,2,0,,159912,6314,73.15
6539,Germany,4/29/2020,3,,1,1,1,,2,1,,4,1,,0,,,2,0,,2,0,,2,0,,161539,6467,73.15
6540,Germany,4/30/2020,3,,1,1,1,,2,1,,4,1,,0,,,2,0,,2,0,,2,0,,163009,6623,73.15
6541,Germany,5/1/2020,3,,1,1,1,,2,1,,4,1,,0,,,2,0,,2,0,,2,0,,164077,6736,73.15
6542,Germany,5/2/2020,3,,1,1,1,,2,1,,4,1,,0,,,2,0,,2,0,,2,0,,164967,6812,73.15
6543,Germany,5/3/2020,3,,1,1,1,,2,1,,4,1,,0,,,2,0,,2,0,,2,0,,165664,6866,73.15
6544,Germany,5/4/2020,2,,1,1,1,,2,1,,4,0,,0,,,2,0,,2,0,,2,0,,166152,6993,68.06
6545,Germany,5/5/2020,2,,1,1,1,,2,1,,4,0,,0,,,2,0,,2,0,,2,0,,167007,6993,68.06
6546,Germany,5/6/2020,2,,1,1,1,,2,1,,4,0,,0,,,0,,,2,0,,2,0,,168162,7275,62.5
6547,Germany,5/7/2020,2,,1,1,0,,2,1,,4,0,,0,,,0,,,2,0,,2,0,,169430,7392,60.65
6548,Germany,5/8/2020,2,,1,2,0,,2,1,,4,0,,0,,,0,,,2,0,,2,0,,170588,7510,64.35
6549,Germany,5/9/2020,2,,1,2,0,,2,1,,4,0,,0,,,0,,,2,0,,2,0,,171324,7549,64.35
6550,Germany,5/10/2020,2,,1,2,0,,2,1,,4,0,,0,,,0,,,2,0,,2,0,,171879,7569,64.35
6551,Germany,5/11/2020,2,,1,2,0,,2,1,,4,0,,0,,,0,,,2,0,,2,0,,172576,7661,64.35
6552,Germany,5/12/2020,2,,1,2,0,,2,1,,4,0,,0,,,0,,,2,0,,2,0,,173171,7738,64.35
6553,Germany,5/13/2020,2,,1,2,0,,2,1,,4,0,,0,,,0,,,2,0,,2,0,,174098,7861,64.35
6554,Germany,5/14/2020,2,,1,2,0,,2,1,,4,0,,0,,,0,,,2,0,,2,0,,174478,7884,64.35
6555,Germany,5/15/2020,2,,1,2,0,,2,1,,4,0,,0,,,0,,,2,0,,2,0,,175233,7897,64.35
6556,Germany,5/16/2020,2,,1,2,0,,2,1,,4,0,,0,,,0,,,2,0,,2,0,,175752,7938,61.57
6557,Germany,5/17/2020,2,,1,2,0,,2,1,,4,0,,0,,,0,,,2,0,,2,0,,176369,7962,61.57
6558,Germany,5/18/2020,2,,1,2,0,,2,1,,4,1,,0,,,0,,,2,0,,2,0,,176551,8003,62.96
6559,Germany,5/19/2020,2,,0,2,0,,2,1,,4,1,,0,,,0,,,0,,,2,0,,177778,8081,52.78
6560,Germany,5/20/2020,2,,0,2,0,,2,1,,4,1,,0,,,0,,,0,,,2,0,,178473,8144,52.78
6561,Germany,5/21/2020,2,,0,2,0,,2,1,,4,1,,0,,,0,,,0,,,2,0,,179021,8203,52.78
6562,Germany,5/22/2020,2,,0,2,0,,2,1,,4,1,,0,,,0,,,0,,,2,0,,179710,8228,52.78
6563,Germany,5/23/2020,2,,0,2,0,,2,1,,4,1,,0,,,0,,,0,,,2,0,,179986,8261,52.78
6564,Germany,5/24/2020,2,,0,2,0,,2,1,,4,1,,0,,,0,,,0,,,2,0,,180328,8283,52.78
6565,Germany,5/25/2020,2,,0,2,0,,2,1,,3,1,,0,,,0,,,0,,,2,0,,180600,8309,50
6566,Germany,5/26/2020,2,,0,2,0,,2,1,,3,1,,0,,,0,,,0,,,2,0,,181200,8372,50
6567,Germany,5/27/2020,2,,0,2,0,,2,1,,3,1,,0,,,0,,,0,,,2,0,,181524,8428,50
6568,Germany,5/28/2020,2,,0,2,0,,2,1,,3,1,,0,,,0,,,0,,,2,0,,182196,8470,50
6569,Germany,5/29/2020,,,,,,,,,,,,,,,,,,,,,,,,,182922,8504,
6570,Germany,5/30/2020,,,,,,,,,,,,,,,,,,,,,,,,,183189,8530,
6571,Germany,5/31/2020,,,,,,,,,,,,,,,,,,,,,,,,,183410,8540,
11007,India,1/1/2020,0,,,0,,,0,,,0,,,0,,,0,,,0,,,0,,,0,0,0
11008,India,1/2/2020,0,,,0,,,0,,,0,,,0,,,0,,,0,,,0,,,0,0,0
11009,India,1/3/2020,0,,,0,,,0,,,0,,,0,,,0,,,0,,,0,,,0,0,0
11010,India,1/4/2020,0,,,0,,,0,,,0,,,0,,,0,,,0,,,0,,,0,0,0
11011,India,1/5/2020,0,,,0,,,0,,,0,,,0,,,0,,,0,,,0,,,0,0,0
11012,India,1/6/2020,0,,,0,,,0,,,0,,,0,,,0,,,0,,,0,,,0,0,0
11013,India,1/7/2020,0,,,0,,,0,,,0,,,0,,,0,,,0,,,0,,,0,0,0
11014,India,1/8/2020,0,,,0,,,0,,,0,,,0,,,0,,,0,,,0,,,0,0,0
11015,India,1/9/2020,0,,,0,,,0,,,0,,,0,,,0,,,0,,,0,,,0,0,0
11016,India,1/10/2020,0,,,0,,,0,,,0,,,0,,,0,,,0,,,0,,,0,0,0
11017,India,1/11/2020,0,,,0,,,0,,,0,,,0,,,0,,,0,,,0,,,0,0,0
11018,India,1/12/2020,0,,,0,,,0,,,0,,,0,,,0,,,0,,,0,,,0,0,0
11019,India,1/13/2020,0,,,0,,,0,,,0,,,0,,,0,,,0,,,0,,,0,0,0
11020,India,1/14/2020,0,,,0,,,0,,,0,,,0,,,0,,,0,,,0,,,0,0,0
11021,India,1/15/2020,0,,,0,,,0,,,0,,,0,,,0,,,0,,,0,,,0,0,0
11022,India,1/16/2020,0,,,0,,,0,,,0,,,0,,,0,,,0,,,0,,,0,0,0
11023,India,1/17/2020,0,,,0,,,0,,,0,,,0,,,0,,,0,,,0,,,0,0,0
11024,India,1/18/2020,0,,,0,,,0,,,0,,,0,,,0,,,0,,,0,,,0,0,0
11025,India,1/19/2020,0,,,0,,,0,,,0,,,0,,,0,,,0,,,0,,,0,0,0
11026,India,1/20/2020,0,,,0,,,0,,,0,,,0,,,0,,,0,,,0,,,0,0,0
11027,India,1/21/2020,0,,,0,,,0,,,0,,,0,,,0,,,0,,,0,,,0,0,0
11028,India,1/22/2020,0,,,0,,,0,,,0,,,0,,,0,,,0,,,0,,,0,0,0
11029,India,1/23/2020,0,,,0,,,0,,,0,,,0,,,0,,,0,,,0,,,0,0,0
11030,India,1/24/2020,0,,,0,,,0,,,0,,,0,,,0,,,0,,,0,,,0,0,0
11031,India,1/25/2020,0,,,0,,,0,,,0,,,0,,,0,,,0,,,0,,,0,0,5.56
11032,India,1/26/2020,0,,,0,,,0,,,0,,,0,,,1,0,,0,,,0,,,0,0,10.19
11033,India,1/27/2020,0,,,0,,,0,,,0,,,0,,,1,0,,0,,,0,,,0,0,10.19
11034,India,1/28/2020,0,,,0,,,0,,,0,,,0,,,1,0,,0,,,0,,,0,0,10.19
11035,India,1/29/2020,0,,,0,,,0,,,0,,,0,,,1,0,,0,,,0,,,0,0,10.19
11036,India,1/30/2020,0,,,0,,,0,,,0,,,0,,,1,0,,0,,,0,,,1,0,10.19
11037,India,1/31/2020,0,,,0,,,0,,,0,,,0,,,1,0,,0,,,0,,,1,0,10.19
11038,India,2/1/2020,0,,,0,,,0,,,0,,,0,,,1,0,,0,,,0,,,1,0,10.19
11039,India,2/2/2020,0,,,0,,,0,,,0,,,0,,,1,0,,0,,,0,,,2,0,10.19
11040,India,2/3/2020,0,,,0,,,0,,,0,,,0,,,1,0,,0,,,0,,,3,0,10.19
11041,India,2/4/2020,0,,,0,,,0,,,0,,,0,,,1,0,,0,,,0,,,3,0,10.19
11042,India,2/5/2020,0,,,0,,,0,,,0,,,0,,,1,0,,0,,,0,,,3,0,10.19
11043,India,2/6/2020,0,,,0,,,0,,,0,,,0,,,1,0,,0,,,0,,,3,0,10.19
11044,India,2/7/2020,0,,,0,,,0,,,0,,,0,,,1,0,,0,,,0,,,3,0,10.19
11045,India,2/8/2020,0,,,0,,,0,,,0,,,0,,,1,0,,0,,,0,,,3,0,10.19
11046,India,2/9/2020,0,,,0,,,0,,,0,,,0,,,1,0,,0,,,0,,,3,0,10.19
11047,India,2/10/2020,0,,,0,,,0,,,0,,,0,,,1,0,,0,,,0,,,3,0,10.19
11048,India,2/11/2020,0,,,0,,,0,,,0,,,0,,,1,0,,0,,,0,,,3,0,10.19
11049,India,2/12/2020,0,,,0,,,0,,,0,,,0,,,1,0,,0,,,0,,,3,0,10.19
11050,India,2/13/2020,0,,,0,,,0,,,0,,,0,,,1,0,,0,,,0,,,3,0,10.19
11051,India,2/14/2020,0,,,0,,,0,,,0,,,0,,,1,0,,0,,,0,,,3,0,10.19
11052,India,2/15/2020,0,,,0,,,0,,,0,,,0,,,1,0,,0,,,0,,,3,0,10.19
11053,India,2/16/2020,0,,,0,,,0,,,0,,,0,,,1,0,,0,,,0,,,3,0,10.19
11054,India,2/17/2020,0,,,0,,,0,,,0,,,0,,,1,0,,0,,,0,,,3,0,10.19
11055,India,2/18/2020,0,,,0,,,0,,,0,,,0,,,1,0,,0,,,0,,,3,0,10.19
11056,India,2/19/2020,0,,,0,,,0,,,0,,,0,,,1,0,,0,,,0,,,3,0,10.19
11057,India,2/20/2020,0,,,0,,,0,,,0,,,0,,,1,0,,0,,,0,,,3,0,10.19
11058,India,2/21/2020,0,,,0,,,0,,,0,,,0,,,1,0,,0,,,0,,,3,0,10.19
11059,India,2/22/2020,0,,,0,,,0,,,0,,,0,,,1,0,,0,,,0,,,3,0,10.19
11060,India,2/23/2020,0,,,0,,,0,,,0,,,0,,,1,0,,0,,,0,,,3,0,10.19
11061,India,2/24/2020,0,,,0,,,0,,,0,,,0,,,1,0,,0,,,0,,,3,0,10.19
11062,India,2/25/2020,0,,,0,,,0,,,0,,,0,,,1,0,,0,,,0,,,3,0,10.19
11063,India,2/26/2020,0,,,0,,,0,,,0,,,0,,,1,0,,0,,,0,,,3,0,10.19
11064,India,2/27/2020,0,,,0,,,0,,,0,,,0,,,1,0,,0,,,0,,,3,0,10.19
11065,India,2/28/2020,0,,,0,,,0,,,0,,,0,,,1,0,,0,,,0,,,3,0,10.19
11066,India,2/29/2020,0,,,0,,,0,,,0,,,0,,,1,0,,0,,,0,,,3,0,10.19
11067,India,3/1/2020,0,,,0,,,0,,,0,,,0,,,1,0,,0,,,0,,,3,0,10.19
11068,India,3/2/2020,0,,,0,,,0,,,0,,,0,,,1,0,,0,,,0,,,5,0,10.19
11069,India,3/3/2020,0,,,0,,,0,,,0,,,0,,,1,0,,0,,,0,,,5,0,10.19
11070,India,3/4/2020,2,,0,0,,,0,,,0,,,0,,,1,0,,0,,,0,,,28,0,15.74
11071,India,3/5/2020,2,,0,0,,,1,1,,0,,,0,,,1,0,,0,,,0,,,30,0,26.85
11072,India,3/6/2020,2,,0,0,,,1,1,,0,,,0,,,1,0,,0,,,0,,,31,0,26.85
11073,India,3/7/2020,2,,0,0,,,1,1,,0,,,0,,,1,0,,0,,,0,,,34,0,26.85
11074,India,3/8/2020,2,,0,0,,,1,1,,0,,,0,,,1,0,,0,,,0,,,39,0,26.85
11075,India,3/9/2020,2,,0,0,,,1,1,,0,,,0,,,1,0,,0,,,0,,,43,0,26.85
11076,India,3/10/2020,2,,0,0,,,1,1,,0,,,0,,,1,0,,0,,,0,,,56,0,26.85
11077,India,3/11/2020,2,,0,0,,,1,1,,0,,,0,,,1,0,,0,,,0,,,62,1,26.85
11078,India,3/12/2020,2,,0,0,,,1,1,,0,,,0,,,1,0,,0,,,0,,,73,1,26.85
11079,India,3/13/2020,3,,0,0,,,1,1,,0,,,0,,,1,0,,0,,,0,,,82,2,33.33
11080,India,3/14/2020,3,,0,0,,,2,0,,0,,,0,,,1,0,,0,,,0,,,102,2,36.11
11081,India,3/15/2020,3,,0,0,,,2,0,,0,,,0,,,1,0,,0,,,0,,,113,2,38.89
11082,India,3/16/2020,3,,0,1,1,,2,0,,0,,,0,,,1,0,,1,1,,0,,,119,2,48.15
11083,India,3/17/2020,3,,0,1,1,,2,0,,0,,,0,,,1,0,,1,1,,0,,,142,3,48.15
11084,India,3/18/2020,3,,1,1,1,,2,0,,0,,,0,,,1,0,,1,1,,0,,,156,3,50
11085,India,3/19/2020,3,,1,1,1,,2,0,,4,0,,0,,,1,0,,1,1,,0,,,194,4,59.72
11086,India,3/20/2020,3,,1,1,1,,2,0,,4,0,,2,0,,1,0,,2,0,,1,1,,244,5,70.83
11087,India,3/21/2020,3,,1,3,0,,2,0,,4,0,,2,0,,1,0,,2,0,,1,1,,330,4,76.39
11088,India,3/22/2020,3,,1,3,1,,2,1,,4,1,,2,1,,3,1,,2,1,,1,1,,396,7,100
11089,India,3/23/2020,3,,1,3,0,,2,0,,4,0,,2,0,,3,0,,2,0,,1,1,,499,10,86.57
11090,India,3/24/2020,3,,1,3,0,,2,0,,4,0,,2,0,,3,0,,2,0,,1,1,,536,10,86.57
11091,India,3/25/2020,3,,1,3,1,,2,1,,4,1,,2,1,,3,1,,2,1,,1,1,,657,12,100
11092,India,3/26/2020,3,,1,3,1,,2,1,,4,1,,2,1,,3,1,,2,1,,1,1,,727,20,100
11093,India,3/27/2020,3,,1,3,1,,2,1,,4,1,,2,1,,3,1,,2,1,,1,1,,887,20,100
11094,India,3/28/2020,3,,1,3,1,,2,1,,4,1,,2,1,,3,1,,2,1,,1,1,,987,24,100
11095,India,3/29/2020,3,,1,3,1,,2,1,,4,1,,2,1,,3,1,,2,1,,1,1,,1024,27,100
11096,India,3/30/2020,3,,1,3,1,,2,1,,4,1,,2,1,,3,1,,2,1,,1,1,,1251,32,100
11097,India,3/31/2020,3,,1,3,1,,2,1,,4,1,,2,1,,3,1,,2,1,,1,1,,1397,35,100
11098,India,4/1/2020,3,,1,3,1,,2,1,,4,1,,2,1,,3,1,,2,1,,1,1,,1998,58,100
11099,India,4/2/2020,3,,1,3,1,,2,1,,4,1,,2,1,,3,1,,2,1,,1,1,,2543,72,100
11100,India,4/3/2020,3,,1,3,1,,2,1,,4,1,,2,1,,3,1,,2,1,,1,1,,2567,72,100
11101,India,4/4/2020,3,,1,3,1,,2,1,,4,1,,2,1,,3,1,,2,1,,1,1,,3082,86,100
11102,India,4/5/2020,3,,1,3,1,,2,1,,4,1,,2,1,,3,1,,2,1,,1,1,,3588,99,100
11103,India,4/6/2020,3,,1,3,1,,2,1,,4,1,,2,1,,3,1,,2,1,,1,1,,4778,136,100
11104,India,4/7/2020,3,,1,3,1,,2,1,,4,1,,2,1,,3,1,,2,1,,1,1,,5311,150,100
11105,India,4/8/2020,3,,1,3,1,,2,1,,4,1,,2,1,,3,1,,2,1,,1,1,,5916,178,100
11106,India,4/9/2020,3,,1,3,1,,2,1,,4,1,,2,1,,3,1,,2,1,,1,1,,6725,226,100
11107,India,4/10/2020,3,,1,3,1,,2,1,,4,1,,2,1,,3,1,,2,1,,1,1,,7598,246,100
11108,India,4/11/2020,3,,1,3,1,,2,1,,4,1,,2,1,,3,1,,2,1,,1,1,,8446,288,100
11109,India,4/12/2020,3,,1,3,1,,2,1,,4,1,,2,1,,3,1,,2,1,,1,1,,9205,331,100
11110,India,4/13/2020,3,,1,3,1,,2,1,,4,1,,2,1,,3,1,,2,1,,1,1,,10453,358,100
11111,India,4/14/2020,3,,1,3,1,,2,1,,4,1,,2,1,,3,1,,2,1,,1,1,,11487,393,100
11112,India,4/15/2020,3,,1,3,1,,2,1,,4,1,,2,1,,3,1,,2,1,,1,1,,12322,405,100
11113,India,4/16/2020,3,,1,3,1,,2,1,,4,1,,2,1,,3,1,,2,1,,1,1,,13430,448,100
11114,India,4/17/2020,3,,1,3,1,,2,1,,4,1,,2,1,,3,1,,2,1,,1,1,,14352,486,100
11115,India,4/18/2020,3,,1,3,1,,2,1,,4,1,,2,1,,3,1,,2,1,,1,1,,15722,521,100
11116,India,4/19/2020,3,,1,3,1,,2,1,,4,1,,2,1,,3,1,,2,1,,1,1,,17615,559,100
11117,India,4/20/2020,3,,1,2,1,,2,1,,4,1,,2,1,,3,1,,2,1,,1,1,,18539,592,96.3
11118,India,4/21/2020,3,,1,2,1,,2,1,,4,1,,2,1,,3,1,,2,1,,1,1,,20080,645,96.3
11119,India,4/22/2020,3,,1,2,1,,2,1,,4,1,,2,1,,3,1,,2,1,,1,1,,21370,681,96.3
11120,India,4/23/2020,3,,1,2,1,,2,1,,4,1,,2,1,,3,1,,2,1,,1,1,,23077,721,96.3
11121,India,4/24/2020,3,,1,2,1,,2,1,,4,1,,2,1,,3,1,,2,1,,1,1,,24530,780,96.3
11122,India,4/25/2020,3,,1,2,1,,2,1,,4,1,,2,1,,3,1,,2,1,,1,1,,26283,825,96.3
11123,India,4/26/2020,3,,1,2,1,,2,1,,4,1,,2,1,,3,1,,2,1,,1,1,,27890,881,96.3
11124,India,4/27/2020,3,,1,2,1,,2,1,,4,1,,2,1,,3,1,,2,1,,1,1,,29451,939,96.3
11125,India,4/28/2020,3,,1,2,1,,2,1,,4,1,,2,1,,3,1,,2,1,,1,1,,31324,1008,96.3
11126,India,4/29/2020,3,,1,2,1,,2,1,,4,1,,2,1,,3,1,,2,1,,1,1,,33062,1079,96.3
11127,India,4/30/2020,3,,1,2,1,,2,1,,4,1,,2,1,,3,1,,2,1,,1,1,,34863,1154,96.3
11128,India,5/1/2020,3,,1,2,1,,2,1,,4,1,,2,1,,3,1,,2,1,,1,1,,37257,1223,96.3
11129,India,5/2/2020,3,,1,2,1,,2,1,,4,1,,2,1,,3,1,,2,1,,1,1,,39699,1323,96.3
11130,India,5/3/2020,3,,1,2,1,,2,1,,4,1,,2,1,,3,1,,2,1,,1,1,,42505,1391,96.3
11131,India,5/4/2020,3,,1,2,0,,2,1,,4,0,,2,0,,2,0,,2,0,,1,1,,46437,1566,81.94
11132,India,5/5/2020,3,,1,2,0,,2,1,,4,0,,2,0,,2,0,,2,0,,1,1,,49400,1693,81.94
11133,India,5/6/2020,3,,1,2,0,,2,1,,4,0,,2,0,,2,0,,2,0,,1,1,,52987,1785,81.94
11134,India,5/7/2020,3,,1,2,0,,2,1,,4,0,,2,0,,2,0,,2,0,,1,1,,56351,1889,81.94
11135,India,5/8/2020,3,,1,2,0,,2,1,,4,0,,2,0,,2,0,,2,0,,1,1,,59695,1985,81.94
11136,India,5/9/2020,3,,1,2,0,,2,1,,4,0,,2,0,,2,0,,2,0,,1,1,,62808,2101,81.94
11137,India,5/10/2020,3,,1,2,0,,2,1,,4,0,,2,0,,2,0,,2,0,,1,1,,67161,2212,81.94
11138,India,5/11/2020,3,,1,2,0,,2,1,,4,0,,2,0,,2,0,,2,0,,1,1,,70768,2294,81.94
11139,India,5/12/2020,3,,1,2,0,,2,1,,4,0,,2,0,,2,0,,2,0,,1,1,,74292,2415,81.94
11140,India,5/13/2020,3,,1,2,0,,2,1,,4,0,,2,0,,2,0,,2,0,,1,1,,78055,2551,81.94
11141,India,5/14/2020,3,,1,2,0,,2,1,,4,0,,2,0,,2,0,,2,0,,1,1,,81997,2649,81.94
11142,India,5/15/2020,3,,1,2,0,,2,1,,4,0,,2,0,,2,0,,2,0,,1,1,,85784,2753,81.94
11143,India,5/16/2020,3,,1,2,0,,2,1,,4,0,,2,0,,2,0,,2,0,,1,1,,90648,2871,81.94
11144,India,5/17/2020,3,,1,2,0,,2,1,,4,0,,2,0,,2,0,,2,0,,1,1,,95698,3025,81.94
11145,India,5/18/2020,3,,1,2,0,,2,1,,4,0,,2,0,,2,0,,2,0,,1,1,,100328,3156,79.17
11146,India,5/19/2020,3,,1,2,0,,2,1,,4,0,,2,0,,2,0,,2,0,,1,1,,106475,3302,79.17
11147,India,5/20/2020,3,,1,2,0,,2,1,,4,0,,2,0,,2,0,,2,0,,1,1,,112028,3434,79.17
11148,India,5/21/2020,3,,1,2,0,,2,1,,4,0,,2,0,,2,0,,2,0,,1,1,,118226,3584,79.17
11149,India,5/22/2020,3,,1,2,0,,2,1,,4,0,,2,0,,2,0,,2,0,,1,1,,124794,3726,79.17
11150,India,5/23/2020,3,,1,2,0,,2,1,,4,0,,2,0,,2,0,,2,0,,1,1,,131423,3868,79.17
11151,India,5/24/2020,3,,1,2,0,,2,1,,4,0,,2,0,,2,0,,2,0,,1,1,,138536,4024,79.17
11152,India,5/25/2020,3,,1,2,0,,2,1,,4,0,,2,0,,2,0,,2,0,,1,1,,144950,4172,79.17
11153,India,5/26/2020,3,,1,2,0,,2,1,,4,0,,2,0,,2,0,,2,0,,,,,150793,4344,79.17
11154,India,5/27/2020,3,,1,2,0,,2,1,,4,0,,2,0,,2,0,,2,0,,,,,158086,4534,79.17
11155,India,5/28/2020,3,,1,2,0,,2,1,,4,0,,2,0,,2,0,,2,0,,,,,165386,4711,79.17
11156,India,5/29/2020,3,,1,2,0,,2,1,,4,0,,2,0,,2,0,,2,0,,,,,173491,4980,79.17
11157,India,5/30/2020,3,,1,2,0,,2,1,,4,0,,2,0,,2,0,,2,0,,,,,181827,5185,79.17
11158,India,5/31/2020,3,,1,2,0,,2,1,,4,0,,2,0,,2,0,,2,0,,,,,190609,5408,79.17
11919,Italy,1/1/2020,0,,,0,,,0,,,0,,,0,,,0,,,0,,,0,,,0,0,0
11920,Italy,1/2/2020,0,,,0,,,0,,,0,,,0,,,0,,,0,,,0,,,0,0,0
11921,Italy,1/3/2020,0,,,0,,,0,,,0,,,0,,,0,,,0,,,0,,,0,0,0
11922,Italy,1/4/2020,0,,,0,,,0,,,0,,,0,,,0,,,0,,,0,,,0,0,0
11923,Italy,1/5/2020,0,,,0,,,0,,,0,,,0,,,0,,,0,,,0,,,0,0,0
11924,Italy,1/6/2020,0,,,0,,,0,,,0,,,0,,,0,,,0,,,0,,,0,0,0
11925,Italy,1/7/2020,0,,,0,,,0,,,0,,,0,,,0,,,0,,,0,,,0,0,0
11926,Italy,1/8/2020,0,,,0,,,0,,,0,,,0,,,0,,,0,,,0,,,0,0,0
11927,Italy,1/9/2020,0,,,0,,,0,,,0,,,0,,,0,,,0,,,0,,,0,0,0
11928,Italy,1/10/2020,0,,,0,,,0,,,0,,,0,,,0,,,0,,,0,,,0,0,0
11929,Italy,1/11/2020,0,,,0,,,0,,,0,,,0,,,0,,,0,,,0,,,0,0,0
11930,Italy,1/12/2020,0,,,0,,,0,,,0,,,0,,,0,,,0,,,0,,,0,0,0
11931,Italy,1/13/2020,0,,,0,,,0,,,0,,,0,,,0,,,0,,,0,,,0,0,0
11932,Italy,1/14/2020,0,,,0,,,0,,,0,,,0,,,0,,,0,,,0,,,0,0,0
11933,Italy,1/15/2020,0,,,0,,,0,,,0,,,0,,,0,,,0,,,0,,,0,0,0
11934,Italy,1/16/2020,0,,,0,,,0,,,0,,,0,,,0,,,0,,,0,,,0,0,0
11935,Italy,1/17/2020,0,,,0,,,0,,,0,,,0,,,0,,,0,,,0,,,0,0,0
11936,Italy,1/18/2020,0,,,0,,,0,,,0,,,0,,,0,,,0,,,0,,,0,0,0
11937,Italy,1/19/2020,0,,,0,,,0,,,0,,,0,,,0,,,0,,,0,,,0,0,0
11938,Italy,1/20/2020,0,,,0,,,0,,,0,,,0,,,0,,,0,,,0,,,0,0,0
11939,Italy,1/21/2020,0,,,0,,,0,,,0,,,0,,,0,,,0,,,0,,,0,0,0
11940,Italy,1/22/2020,0,,,0,,,0,,,0,,,0,,,0,,,0,,,0,,,0,0,0
11941,Italy,1/23/2020,0,,,0,,,0,,,0,,,0,,,0,,,0,,,0,,,0,0,2.78
11942,Italy,1/24/2020,0,,,0,,,0,,,0,,,0,,,0,,,0,,,0,,,0,0,2.78
11943,Italy,1/25/2020,0,,,0,,,0,,,0,,,0,,,0,,,0,,,0,,,0,0,2.78
11944,Italy,1/26/2020,0,,,0,,,0,,,0,,,0,,,0,,,0,,,0,,,0,0,2.78
11945,Italy,1/27/2020,0,,,0,,,0,,,0,,,0,,,0,,,0,,,0,,,0,0,2.78
11946,Italy,1/28/2020,0,,,0,,,0,,,0,,,0,,,0,,,0,,,0,,,0,0,2.78
11947,Italy,1/29/2020,0,,,0,,,0,,,0,,,0,,,0,,,0,,,0,,,0,0,2.78
11948,Italy,1/30/2020,0,,,0,,,0,,,0,,,0,,,0,,,0,,,0,,,0,0,8.33
11949,Italy,1/31/2020,0,,,0,,,0,,,0,,,0,,,0,,,0,,,0,,,2,0,19.44
11950,Italy,2/1/2020,0,,,0,,,0,,,0,,,0,,,0,,,0,,,0,,,2,0,19.44
11951,Italy,2/2/2020,0,,,0,,,0,,,0,,,0,,,0,,,0,,,0,,,2,0,19.44
11952,Italy,2/3/2020,0,,,0,,,0,,,0,,,0,,,0,,,0,,,0,,,2,0,19.44
11953,Italy,2/4/2020,0,,,0,,,0,,,0,,,0,,,0,,,0,,,0,,,2,0,19.44
11954,Italy,2/5/2020,0,,,0,,,0,,,0,,,0,,,0,,,0,,,0,,,2,0,19.44
11955,Italy,2/6/2020,0,,,0,,,0,,,0,,,0,,,0,,,0,,,0,,,2,0,19.44
11956,Italy,2/7/2020,0,,,0,,,0,,,0,,,0,,,0,,,0,,,0,,,3,0,19.44
11957,Italy,2/8/2020,0,,,0,,,0,,,0,,,0,,,0,,,0,,,0,,,3,0,19.44
11958,Italy,2/9/2020,0,,,0,,,0,,,0,,,0,,,0,,,0,,,0,,,3,0,19.44
11959,Italy,2/10/2020,0,,,0,,,0,,,0,,,0,,,0,,,0,,,0,,,3,0,19.44
11960,Italy,2/11/2020,0,,,0,,,0,,,0,,,0,,,0,,,0,,,0,,,3,0,19.44
11961,Italy,2/12/2020,0,,,0,,,0,,,0,,,0,,,0,,,0,,,0,,,3,0,19.44
11962,Italy,2/13/2020,0,,,0,,,0,,,0,,,0,,,0,,,0,,,0,,,3,0,19.44
11963,Italy,2/14/2020,0,,,0,,,0,,,0,,,0,,,0,,,0,,,0,,,3,0,19.44
11964,Italy,2/15/2020,0,,,0,,,0,,,0,,,0,,,0,,,0,,,0,,,3,0,19.44
11965,Italy,2/16/2020,0,,,0,,,0,,,0,,,0,,,0,,,0,,,0,,,3,0,19.44
11966,Italy,2/17/2020,0,,,0,,,0,,,0,,,0,,,0,,,0,,,0,,,3,0,19.44
11967,Italy,2/18/2020,0,,,0,,,0,,,0,,,0,,,0,,,0,,,0,,,3,0,19.44
11968,Italy,2/19/2020,0,,,0,,,0,,,0,,,0,,,0,,,0,,,0,,,3,0,19.44
11969,Italy,2/20/2020,0,,,0,,,0,,,0,,,0,,,0,,,0,,,0,,,3,0,19.44
11970,Italy,2/21/2020,0,,,0,,,0,,,0,,,0,,,0,,,2,0,,0,,,20,1,27.78
11971,Italy,2/22/2020,0,,,3,0,,0,,,0,,,0,,,0,,,2,0,,0,,,62,2,37.04
11972,Italy,2/23/2020,3,,0,3,0,,2,0,,4,0,,0,,,2,0,,2,0,,0,,,155,3,69.91
11973,Italy,2/24/2020,3,,0,3,0,,2,0,,4,0,,0,,,2,0,,2,0,,0,,,229,7,69.91
11974,Italy,2/25/2020,3,,0,3,0,,2,0,,4,0,,0,,,2,0,,2,0,,0,,,322,10,69.91
11975,Italy,2/26/2020,3,,0,3,0,,2,0,,4,0,,0,,,2,0,,2,0,,0,,,453,12,69.91
11976,Italy,2/27/2020,3,,0,3,0,,2,0,,4,0,,0,,,2,0,,2,0,,0,,,655,17,69.91
11977,Italy,2/28/2020,3,,0,3,0,,2,0,,4,0,,0,,,2,0,,2,0,,0,,,888,21,69.91
11978,Italy,2/29/2020,3,,0,3,0,,2,0,,4,0,,0,,,2,0,,2,0,,0,,,1128,29,69.91
11979,Italy,3/1/2020,3,,0,3,0,,2,0,,4,0,,0,,,2,0,,2,0,,0,,,1694,34,69.91
11980,Italy,3/2/2020,3,,0,3,0,,2,0,,4,0,,0,,,2,0,,2,0,,0,,,2036,52,69.91
11981,Italy,3/3/2020,3,,0,3,0,,2,0,,4,0,,0,,,2,0,,2,0,,0,,,2502,79,69.91
11982,Italy,3/4/2020,3,,1,3,0,,2,1,,4,0,,0,,,2,0,,2,0,,0,,,3089,107,74.54
11983,Italy,3/5/2020,3,,1,3,0,,2,1,,4,0,,0,,,2,0,,2,0,,0,,,3858,148,74.54
11984,Italy,3/6/2020,3,,1,3,0,,2,1,,4,0,,0,,,2,0,,2,0,,0,,,4636,197,74.54
11985,Italy,3/7/2020,3,,1,3,0,,2,1,,4,0,,0,,,2,0,,2,0,,0,,,5883,233,74.54
11986,Italy,3/8/2020,3,,1,3,0,,2,1,,4,0,,0,,,2,0,,2,0,,0,,,7375,366,74.54
11987,Italy,3/9/2020,3,,1,3,0,,2,1,,4,0,,0,,,2,0,,2,0,,0,,,9172,463,74.54
11988,Italy,3/10/2020,3,,1,3,1,,2,1,,4,1,,0,,,2,1,,2,1,,0,,,10149,631,82.41
11989,Italy,3/11/2020,3,,1,3,1,,2,1,,4,1,,1,0,,2,1,,2,1,,0,,,12462,827,85.19
11990,Italy,3/12/2020,3,,1,3,1,,2,1,,4,1,,1,0,,2,1,,2,1,,0,,,15113,1016,85.19
11991,Italy,3/13/2020,3,,1,3,1,,2,1,,4,1,,1,0,,2,1,,2,1,,0,,,17660,1266,85.19
11992,Italy,3/14/2020,3,,1,3,1,,2,1,,4,1,,1,0,,2,1,,2,1,,0,,,21157,1441,85.19
11993,Italy,3/15/2020,3,,1,3,1,,2,1,,4,1,,1,0,,2,1,,2,1,,0,,,24747,1809,85.19
11994,Italy,3/16/2020,3,,1,3,1,,2,1,,4,1,,1,0,,2,1,,2,1,,0,,,27980,2158,85.19
11995,Italy,3/17/2020,3,,1,3,1,,2,1,,4,1,,1,0,,2,1,,2,1,,1,0,,31506,2503,85.19
11996,Italy,3/18/2020,3,,1,3,1,,2,1,,4,1,,1,0,,2,1,,2,1,,1,0,,35713,2978,85.19
11997,Italy,3/19/2020,3,,1,3,1,,2,1,,4,1,,1,0,,2,1,,2,1,,1,0,,41035,3405,85.19
11998,Italy,3/20/2020,3,,1,3,1,,2,1,,4,1,,1,1,,3,1,,2,1,,1,0,,47021,4032,91.67
11999,Italy,3/21/2020,3,,1,3,1,,2,1,,4,1,,1,1,,3,1,,2,1,,1,0,,53578,4825,91.67
12000,Italy,3/22/2020,3,,1,3,1,,2,1,,4,1,,1,1,,3,1,,2,1,,1,0,,59138,5476,91.67
12001,Italy,3/23/2020,3,,1,3,1,,2,1,,4,1,,1,1,,3,1,,2,1,,1,0,,63927,6077,91.67
12002,Italy,3/24/2020,3,,1,3,1,,2,1,,4,1,,1,1,,3,1,,2,1,,1,0,,69176,6820,91.67
12003,Italy,3/25/2020,3,,1,3,1,,2,1,,4,1,,1,1,,3,1,,2,1,,1,0,,74386,7503,91.67
12004,Italy,3/26/2020,3,,1,3,1,,2,1,,4,1,,1,1,,3,1,,2,1,,1,0,,80589,8215,91.67
12005,Italy,3/27/2020,3,,1,3,1,,2,1,,4,1,,1,1,,3,1,,2,1,,1,1,,86498,9134,91.67
12006,Italy,3/28/2020,3,,1,3,1,,2,1,,4,1,,1,1,,3,1,,2,1,,1,1,,92472,10023,91.67
12007,Italy,3/29/2020,3,,1,3,1,,2,1,,4,1,,1,1,,3,1,,2,1,,1,1,,97689,10779,91.67
12008,Italy,3/30/2020,3,,1,3,1,,2,1,,4,1,,1,1,,3,1,,2,1,,1,1,,101739,11591,91.67
12009,Italy,3/31/2020,3,,1,3,1,,2,1,,4,1,,1,1,,3,1,,2,1,,1,1,,105792,12428,91.67
12010,Italy,4/1/2020,3,,1,3,1,,2,1,,4,1,,1,1,,3,1,,2,1,,1,1,,110574,13155,91.67
12011,Italy,4/2/2020,3,,1,3,1,,2,1,,4,1,,1,1,,3,1,,2,1,,1,1,,115242,13915,91.67
12012,Italy,4/3/2020,3,,1,3,1,,2,1,,4,1,,1,1,,3,1,,2,1,,1,1,,119827,14681,91.67
12013,Italy,4/4/2020,3,,1,3,1,,2,1,,4,1,,1,1,,3,1,,2,1,,1,1,,124632,15362,91.67
12014,Italy,4/5/2020,3,,1,3,1,,2,1,,4,1,,1,1,,3,1,,2,1,,1,1,,128948,15887,91.67
12015,Italy,4/6/2020,3,,1,3,1,,2,1,,4,1,,1,1,,3,1,,2,1,,1,1,,132547,16523,91.67
12016,Italy,4/7/2020,3,,1,3,1,,2,1,,4,1,,1,1,,3,1,,2,1,,1,1,,135586,17127,91.67
12017,Italy,4/8/2020,3,,1,3,1,,2,1,,4,1,,1,1,,3,1,,2,1,,1,1,,139422,17669,91.67
12018,Italy,4/9/2020,3,,1,3,1,,2,1,,4,1,,1,1,,3,1,,2,1,,1,1,,143626,18279,91.67
12019,Italy,4/10/2020,3,,1,3,1,,2,1,,4,1,,1,1,,2,1,,2,1,,1,1,,147577,18849,87.96
12020,Italy,4/11/2020,3,,1,3,1,,2,1,,4,1,,1,1,,2,1,,2,1,,1,1,,152271,19468,87.96
12021,Italy,4/12/2020,3,,1,3,1,,2,1,,4,1,,2,1,,2,1,,2,1,,1,1,,156363,19899,93.52
12022,Italy,4/13/2020,3,,1,3,1,,2,1,,4,1,,2,1,,2,1,,2,1,,1,1,,159516,20465,93.52
12023,Italy,4/14/2020,3,,1,3,1,,2,1,,4,1,,2,1,,2,1,,2,1,,1,1,,162488,21067,93.52
12024,Italy,4/15/2020,3,,1,3,1,,2,1,,4,1,,2,1,,2,1,,2,1,,1,1,,165155,21645,93.52
12025,Italy,4/16/2020,3,,1,3,1,,2,1,,4,1,,2,1,,2,1,,2,1,,1,1,,168941,22170,93.52
12026,Italy,4/17/2020,3,,1,3,1,,2,1,,4,1,,2,1,,2,1,,2,1,,1,1,,172434,22745,93.52
12027,Italy,4/18/2020,3,,1,3,1,,2,1,,4,1,,2,1,,2,1,,2,1,,1,1,,175925,23227,93.52
12028,Italy,4/19/2020,3,,1,3,1,,2,1,,4,1,,2,1,,2,1,,2,1,,1,1,,178972,23660,93.52
12029,Italy,4/20/2020,3,,1,3,1,,2,1,,4,1,,2,1,,2,1,,2,1,,1,1,,181228,24114,93.52
12030,Italy,4/21/2020,3,,1,3,1,,2,1,,4,1,,2,1,,2,1,,2,1,,1,1,,183957,24648,93.52
12031,Italy,4/22/2020,3,,1,3,1,,2,1,,4,1,,2,1,,2,1,,2,1,,1,1,,187327,25085,93.52
12032,Italy,4/23/2020,3,,1,3,1,,2,1,,4,1,,2,1,,2,1,,2,1,,1,1,,189973,25549,93.52
12033,Italy,4/24/2020,3,,1,3,1,,2,1,,4,1,,2,1,,2,1,,2,1,,1,1,,192994,25969,93.52
12034,Italy,4/25/2020,3,,1,3,1,,2,1,,4,1,,2,1,,2,1,,2,1,,1,1,,195351,26384,93.52
12035,Italy,4/26/2020,3,,1,3,1,,2,1,,4,1,,2,1,,2,1,,2,1,,1,1,,197675,26644,93.52
12036,Italy,4/27/2020,3,,1,3,1,,2,1,,4,1,,2,1,,2,1,,2,1,,1,1,,199414,26977,93.52
12037,Italy,4/28/2020,3,,1,3,1,,2,1,,4,1,,2,1,,2,1,,2,1,,1,1,,201505,27359,93.52
12038,Italy,4/29/2020,3,,1,3,1,,2,1,,4,1,,2,1,,2,1,,2,1,,1,1,,203591,27682,93.52
12039,Italy,4/30/2020,3,,1,3,1,,2,1,,4,1,,2,1,,2,1,,2,1,,1,1,,205463,27967,93.52
12040,Italy,5/1/2020,3,,1,3,1,,2,1,,4,1,,2,1,,2,1,,2,1,,1,1,,207428,28236,93.52
12041,Italy,5/2/2020,3,,1,3,1,,2,1,,4,1,,2,1,,2,1,,2,1,,1,1,,209328,28710,93.52
12042,Italy,5/3/2020,3,,1,3,1,,2,1,,4,1,,2,1,,2,1,,2,1,,1,1,,210717,28884,93.52
12043,Italy,5/4/2020,3,,1,1,1,,2,1,,4,1,,0,,,1,1,,1,1,,1,1,,211938,29079,62.96
12044,Italy,5/5/2020,3,,1,1,1,,2,1,,4,1,,0,,,1,1,,1,1,,1,1,,213013,29315,62.96
12045,Italy,5/6/2020,3,,1,1,1,,2,1,,4,1,,0,,,1,1,,1,1,,1,1,,214457,29684,62.96
12046,Italy,5/7/2020,3,,1,1,1,,2,1,,4,1,,0,,,1,1,,1,1,,1,1,,215858,29958,62.96
12047,Italy,5/8/2020,3,,1,1,1,,2,1,,4,1,,0,,,1,1,,1,1,,1,1,,217185,30201,62.96
12048,Italy,5/9/2020,3,,1,1,1,,2,1,,4,1,,0,,,1,1,,1,1,,1,1,,218268,30395,62.96
12049,Italy,5/10/2020,3,,1,1,1,,2,1,,4,1,,0,,,1,1,,1,1,,1,1,,219070,30560,62.96
12050,Italy,5/11/2020,3,,1,1,1,,2,1,,4,1,,0,,,1,1,,1,1,,1,1,,219814,30739,62.96
12051,Italy,5/12/2020,3,,1,1,1,,2,1,,4,1,,0,,,1,1,,1,1,,1,1,,221216,30911,62.96
12052,Italy,5/13/2020,3,,1,1,1,,2,1,,4,1,,0,,,1,1,,1,1,,1,1,,222104,31106,62.96
12053,Italy,5/14/2020,3,,1,1,1,,2,1,,4,1,,0,,,1,1,,1,1,,1,1,,223096,31368,62.96
12054,Italy,5/15/2020,3,,1,1,1,,2,1,,4,1,,0,,,1,1,,1,1,,1,1,,223885,31610,62.96
12055,Italy,5/16/2020,3,,1,2,1,,2,1,,4,1,,0,,,1,1,,1,1,,1,1,,224760,31763,66.67
12056,Italy,5/17/2020,3,,1,2,1,,2,1,,4,1,,0,,,1,1,,1,1,,1,1,,225435,31908,66.67
12057,Italy,5/18/2020,3,,1,2,1,,2,1,,0,,,0,,,1,1,,2,1,,1,1,,225886,32007,63.89
12058,Italy,5/19/2020,3,,1,2,1,,2,1,,0,,,0,,,1,1,,2,1,,1,1,,226699,32169,63.89
12059,Italy,5/20/2020,3,,1,2,1,,2,1,,0,,,0,,,1,1,,2,1,,1,1,,227364,32330,63.89
12060,Italy,5/21/2020,3,,1,2,1,,2,1,,0,,,0,,,1,1,,2,1,,1,1,,228006,32486,63.89
12061,Italy,5/22/2020,3,,1,2,1,,2,1,,0,,,0,,,1,1,,2,1,,1,1,,228658,32616,63.89
12062,Italy,5/23/2020,3,,1,2,1,,2,1,,0,,,0,,,1,1,,2,1,,1,1,,229327,32735,63.89
12063,Italy,5/24/2020,3,,1,2,1,,2,1,,0,,,0,,,1,1,,2,1,,1,1,,229858,32785,63.89
12064,Italy,5/25/2020,3,,1,1,1,,2,1,,0,,,0,,,1,1,,2,1,,1,1,,230158,32877,60.19
12065,Italy,5/26/2020,3,,1,1,1,,2,1,,0,,,0,,,1,1,,2,1,,1,1,,230555,32955,60.19
12066,Italy,5/27/2020,3,,1,1,1,,2,1,,0,,,0,,,1,1,,2,1,,1,1,,231139,33072,60.19
12067,Italy,5/28/2020,3,,1,1,1,,2,1,,0,,,0,,,1,1,,2,1,,1,1,,231732,33142,60.19
12068,Italy,5/29/2020,3,,1,1,1,,2,1,,0,,,0,,,1,1,,2,1,,1,1,,232248,33229,60.19
12069,Italy,5/30/2020,3,,1,1,1,,2,1,,0,,,0,,,1,1,,2,1,,1,1,,232664,33340,60.19
12070,Italy,5/31/2020,3,,1,1,1,,2,1,,0,,,0,,,1,1,,2,1,,1,1,,232997,33415,60.19
12998,South Korea,1/1/2020,0,,,0,,,0,,,0,,,0,,,0,,,0,,,0,,,0,0,0
12999,South Korea,1/2/2020,0,,,0,,,0,,,0,,,0,,,0,,,0,,,0,,,0,0,0
13000,South Korea,1/3/2020,0,,,0,,,0,,,0,,,0,,,0,,,0,,,0,,,0,0,0
13001,South Korea,1/4/2020,0,,,0,,,0,,,0,,,0,,,0,,,0,,,0,,,0,0,0
13002,South Korea,1/5/2020,0,,,0,,,0,,,0,,,0,,,0,,,0,,,0,,,0,0,0
13003,South Korea,1/6/2020,0,,,0,,,0,,,0,,,0,,,0,,,0,,,0,,,0,0,0
13004,South Korea,1/7/2020,0,,,0,,,0,,,0,,,0,,,0,,,0,,,0,,,0,0,0
13005,South Korea,1/8/2020,0,,,0,,,0,,,0,,,0,,,0,,,0,,,0,,,0,0,0
13006,South Korea,1/9/2020,0,,,0,,,0,,,0,,,0,,,0,,,0,,,0,,,0,0,0
13007,South Korea,1/10/2020,0,,,0,,,0,,,0,,,0,,,0,,,0,,,0,,,0,0,0
13008,South Korea,1/11/2020,0,,,0,,,0,,,0,,,0,,,0,,,0,,,0,,,0,0,0
13009,South Korea,1/12/2020,0,,,0,,,0,,,0,,,0,,,0,,,0,,,0,,,0,0,0
13010,South Korea,1/13/2020,0,,,0,,,0,,,0,,,0,,,0,,,0,,,0,,,0,0,0
13011,South Korea,1/14/2020,0,,,0,,,0,,,0,,,0,,,0,,,0,,,0,,,0,0,0
13012,South Korea,1/15/2020,0,,,0,,,0,,,0,,,0,,,0,,,0,,,0,,,0,0,0
13013,South Korea,1/16/2020,0,,,0,,,0,,,0,,,0,,,0,,,0,,,0,,,0,0,0
13014,South Korea,1/17/2020,0,,,0,,,0,,,0,,,0,,,0,,,0,,,0,,,0,0,0
13015,South Korea,1/18/2020,0,,,0,,,0,,,0,,,0,,,0,,,0,,,0,,,0,0,0
13016,South Korea,1/19/2020,0,,,0,,,0,,,0,,,0,,,0,,,0,,,0,,,0,0,0
13017,South Korea,1/20/2020,0,,,0,,,0,,,0,,,0,,,0,,,0,,,0,,,1,0,0
13018,South Korea,1/21/2020,0,,,0,,,0,,,0,,,0,,,0,,,0,,,0,,,1,0,0
13019,South Korea,1/22/2020,0,,,0,,,0,,,0,,,0,,,0,,,0,,,0,,,1,0,0
13020,South Korea,1/23/2020,0,,,0,,,0,,,0,,,0,,,0,,,0,,,0,,,1,0,0
13021,South Korea,1/24/2020,0,,,0,,,0,,,0,,,0,,,0,,,0,,,0,,,2,0,0
13022,South Korea,1/25/2020,0,,,0,,,0,,,0,,,0,,,0,,,0,,,0,,,2,0,0
13023,South Korea,1/26/2020,0,,,0,,,0,,,0,,,0,,,0,,,0,,,0,,,3,0,0
13024,South Korea,1/27/2020,0,,,0,,,0,,,0,,,0,,,0,,,0,,,0,,,4,0,0
13025,South Korea,1/28/2020,0,,,0,,,0,,,0,,,0,,,0,,,0,,,0,,,4,0,0
13026,South Korea,1/29/2020,0,,,0,,,0,,,0,,,0,,,0,,,0,,,0,,,4,0,0
13027,South Korea,1/30/2020,0,,,0,,,0,,,0,,,0,,,0,,,0,,,0,,,4,0,0
13028,South Korea,1/31/2020,0,,,0,,,1,0,,0,,,0,,,0,,,0,,,0,,,11,0,2.78
13029,South Korea,2/1/2020,0,,,0,,,1,0,,0,,,0,,,0,,,0,,,0,,,12,0,13.89
13030,South Korea,2/2/2020,0,,,0,,,1,0,,0,,,0,,,0,,,0,,,0,,,15,0,13.89
13031,South Korea,2/3/2020,2,,0,0,,,1,0,,0,,,0,,,0,,,0,,,0,,,15,0,19.44
13032,South Korea,2/4/2020,2,,0,0,,,1,0,,0,,,0,,,0,,,0,,,0,,,16,0,27.78
13033,South Korea,2/5/2020,2,,0,0,,,1,0,,0,,,0,,,0,,,0,,,0,,,19,0,27.78
13034,South Korea,2/6/2020,3,,0,0,,,1,0,,0,,,0,,,0,,,0,,,0,,,23,0,31.48
13035,South Korea,2/7/2020,3,,0,0,,,1,0,,0,,,0,,,0,,,0,,,0,,,24,0,31.48
13036,South Korea,2/8/2020,3,,0,0,,,1,0,,0,,,0,,,0,,,0,,,0,,,24,0,31.48
13037,South Korea,2/9/2020,3,,0,0,,,1,0,,0,,,0,,,0,,,0,,,0,,,25,0,31.48
13038,South Korea,2/10/2020,3,,0,0,,,1,0,,0,,,0,,,0,,,0,,,0,,,27,0,31.48
13039,South Korea,2/11/2020,3,,0,0,,,1,0,,0,,,0,,,0,,,0,,,0,,,28,0,31.48
13040,South Korea,2/12/2020,3,,0,0,,,1,0,,0,,,0,,,0,,,0,,,0,,,28,0,31.48
13041,South Korea,2/13/2020,3,,0,0,,,1,0,,0,,,0,,,0,,,0,,,0,,,28,0,31.48
13042,South Korea,2/14/2020,3,,0,0,,,1,0,,0,,,0,,,0,,,0,,,0,,,28,0,31.48
13043,South Korea,2/15/2020,3,,0,0,,,1,0,,0,,,0,,,0,,,0,,,0,,,28,0,31.48
13044,South Korea,2/16/2020,3,,0,0,,,1,0,,0,,,0,,,0,,,0,,,0,,,29,0,31.48
13045,South Korea,2/17/2020,3,,0,0,,,1,0,,0,,,0,,,0,,,0,,,0,,,30,0,31.48
13046,South Korea,2/18/2020,3,,0,0,,,1,0,,0,,,0,,,0,,,0,,,0,,,31,0,31.48
13047,South Korea,2/19/2020,3,,0,0,,,1,0,,0,,,0,,,0,,,0,,,0,,,31,0,31.48
13048,South Korea,2/20/2020,3,,0,0,,,1,0,,0,,,0,,,0,,,0,,,0,,,104,1,31.48
13049,South Korea,2/21/2020,3,,0,0,,,2,1,,2,1,,0,,,0,,,0,,,0,,,204,2,45.37
13050,South Korea,2/22/2020,3,,0,0,,,2,1,,2,1,,0,,,0,,,0,,,0,,,433,2,45.37
13051,South Korea,2/23/2020,3,,0,0,,,2,1,,2,1,,0,,,1,0,,1,0,,0,,,602,6,50
13052,South Korea,2/24/2020,3,,1,1,1,,2,1,,2,1,,0,,,1,0,,1,0,,0,,,833,8,55.56
13053,South Korea,2/25/2020,3,,1,1,1,,2,1,,2,1,,0,,,1,0,,1,0,,0,,,977,10,55.56
13054,South Korea,2/26/2020,3,,1,1,1,,2,1,,2,1,,0,,,1,0,,1,0,,0,,,1261,12,55.56
13055,South Korea,2/27/2020,3,,1,1,1,,2,1,,2,1,,0,,,1,0,,1,0,,0,,,1766,13,55.56
13056,South Korea,2/28/2020,3,,1,1,1,,2,1,,2,1,,0,,,1,0,,1,0,,0,,,2337,13,55.56
13057,South Korea,2/29/2020,3,,1,1,1,,2,1,,2,1,,0,,,1,0,,1,0,,0,,,3150,16,55.56
13058,South Korea,3/1/2020,3,,1,1,1,,2,1,,2,1,,0,,,1,0,,1,0,,0,,,3736,17,55.56
13059,South Korea,3/2/2020,3,,1,1,1,,2,1,,2,1,,0,,,1,0,,1,0,,0,,,4335,28,55.56
13060,South Korea,3/3/2020,3,,1,1,1,,2,1,,2,1,,0,,,1,0,,1,0,,0,,,5186,28,55.56
13061,South Korea,3/4/2020,3,,1,1,1,,2,1,,2,1,,0,,,1,0,,1,0,,0,,,5621,35,55.56
13062,South Korea,3/5/2020,3,,1,1,1,,2,1,,2,1,,0,,,1,0,,1,0,,0,,,6088,35,55.56
13063,South Korea,3/6/2020,3,,1,1,1,,2,1,,2,1,,0,,,1,0,,1,0,,0,,,6593,42,55.56
13064,South Korea,3/7/2020,3,,1,1,1,,2,1,,2,1,,0,,,1,0,,1,0,,0,,,7041,44,55.56
13065,South Korea,3/8/2020,3,,1,1,1,,2,1,,2,1,,0,,,1,0,,1,0,,0,,,7314,50,55.56
13066,South Korea,3/9/2020,3,,1,1,1,,2,1,,2,1,,0,,,1,0,,1,0,,0,,,7478,53,55.56
13067,South Korea,3/10/2020,3,,1,1,1,,2,1,,2,1,,0,,,1,0,,1,0,,0,,,7513,54,55.56
13068,South Korea,3/11/2020,3,,1,1,1,,2,1,,2,1,,0,,,1,0,,1,0,,0,,,7755,60,55.56
13069,South Korea,3/12/2020,3,,1,1,1,,2,1,,2,1,,0,,,1,0,,1,0,,0,,,7869,66,52.78
13070,South Korea,3/13/2020,3,,1,1,1,,2,1,,2,1,,0,,,1,0,,1,0,,0,,,7979,66,52.78
13071,South Korea,3/14/2020,3,,1,1,1,,2,1,,2,1,,0,,,1,0,,1,0,,0,,,8086,72,52.78
13072,South Korea,3/15/2020,3,,1,1,1,,2,1,,2,1,,0,,,1,0,,1,0,,0,,,8162,75,52.78
13073,South Korea,3/16/2020,3,,1,1,1,,2,1,,2,1,,0,,,1,0,,1,0,,0,,,8236,75,52.78
13074,South Korea,3/17/2020,3,,1,1,1,,2,1,,2,1,,0,,,1,0,,1,0,,0,,,8320,81,52.78
13075,South Korea,3/18/2020,3,,1,1,1,,2,1,,2,1,,0,,,1,0,,1,0,,0,,,8413,84,52.78
13076,South Korea,3/19/2020,3,,1,1,1,,2,1,,2,1,,0,,,1,0,,1,0,,0,,,8565,91,52.78
13077,South Korea,3/20/2020,3,,1,1,1,,2,1,,2,1,,0,,,1,0,,1,0,,0,,,8652,94,55.56
13078,South Korea,3/21/2020,3,,1,1,1,,2,1,,2,1,,0,,,2,1,,2,1,,0,,,8799,102,69.44
13079,South Korea,3/22/2020,3,,1,2,1,,2,1,,3,1,,0,,,2,1,,2,1,,0,,,8961,111,75.93
13080,South Korea,3/23/2020,3,,1,2,1,,2,1,,3,1,,0,,,2,1,,2,1,,0,,,8961,111,75.93
13081,South Korea,3/24/2020,3,,1,2,1,,2,1,,3,1,,0,,,2,1,,2,1,,0,,,9037,120,75.93
13082,South Korea,3/25/2020,3,,1,2,1,,2,1,,3,1,,0,,,2,1,,2,1,,0,,,9137,126,75.93
13083,South Korea,3/26/2020,3,,1,2,1,,2,1,,3,1,,0,,,2,1,,2,1,,0,,,9241,131,75.93
13084,South Korea,3/27/2020,3,,1,2,1,,2,1,,3,1,,0,,,2,1,,2,1,,0,,,9332,139,75.93
13085,South Korea,3/28/2020,3,,1,2,1,,2,1,,3,1,,0,,,2,1,,2,1,,0,,,9478,144,75.93
13086,South Korea,3/29/2020,3,,1,2,1,,2,1,,3,1,,0,,,2,1,,2,1,,0,,,9583,152,75.93
13087,South Korea,3/30/2020,3,,1,2,1,,2,1,,3,1,,0,,,2,1,,2,1,,1,1,,9661,158,75.93
13088,South Korea,3/31/2020,3,,1,2,1,,2,1,,3,1,,0,,,2,1,,2,1,,1,1,,9786,162,75.93
13089,South Korea,4/1/2020,3,,1,2,1,,2,1,,3,1,,0,,,2,1,,2,1,,1,1,,9887,165,75.93
13090,South Korea,4/2/2020,3,,1,2,1,,2,1,,3,1,,0,,,2,1,,2,1,,1,1,,9976,169,75.93
13091,South Korea,4/3/2020,3,,1,2,1,,2,1,,3,1,,0,,,2,1,,2,1,,1,1,,10062,174,75.93
13092,South Korea,4/4/2020,3,,1,2,1,,2,1,,4,1,,0,,,2,1,,2,1,,1,1,,10156,177,78.7
13093,South Korea,4/5/2020,3,,1,2,1,,2,1,,4,1,,0,,,2,1,,2,1,,1,1,,10237,183,78.7
13094,South Korea,4/6/2020,3,,1,3,1,,2,1,,4,1,,0,,,2,1,,2,1,,1,1,,10284,186,82.41
13095,South Korea,4/7/2020,3,,1,3,1,,2,1,,4,1,,0,,,2,1,,2,1,,1,1,,10331,192,82.41
13096,South Korea,4/8/2020,3,,1,3,1,,2,1,,4,1,,0,,,2,1,,2,1,,1,1,,10384,200,82.41
13097,South Korea,4/9/2020,3,,1,3,1,,2,1,,4,1,,0,,,2,1,,2,1,,1,1,,10423,204,82.41
13098,South Korea,4/10/2020,3,,1,3,1,,2,1,,4,1,,0,,,2,1,,2,1,,1,1,,10450,208,82.41
13099,South Korea,4/11/2020,3,,1,3,1,,2,1,,4,1,,0,,,2,1,,2,1,,1,1,,10480,211,82.41
13100,South Korea,4/12/2020,3,,1,3,1,,2,1,,4,1,,0,,,2,1,,2,1,,1,1,,10512,214,82.41
13101,South Korea,4/13/2020,3,,1,3,1,,2,1,,4,1,,0,,,2,1,,2,1,,1,1,,10537,217,82.41
13102,South Korea,4/14/2020,3,,1,3,1,,2,1,,4,1,,0,,,2,1,,2,1,,1,1,,10564,222,82.41
13103,South Korea,4/15/2020,3,,1,3,1,,2,1,,4,1,,0,,,2,1,,2,1,,1,1,,10591,225,82.41
13104,South Korea,4/16/2020,3,,1,3,1,,2,1,,4,1,,0,,,2,1,,2,1,,1,1,,10613,229,82.41
13105,South Korea,4/17/2020,3,,1,3,1,,2,1,,4,1,,0,,,2,1,,2,1,,1,1,,10635,230,82.41
13106,South Korea,4/18/2020,3,,1,3,1,,2,1,,4,1,,0,,,1,1,,1,1,,1,1,,10653,232,73.15
13107,South Korea,4/19/2020,3,,1,3,1,,2,1,,4,1,,0,,,1,1,,1,1,,1,1,,10661,234,73.15
13108,South Korea,4/20/2020,3,,1,2,1,,1,1,,0,,,0,,,0,,,0,,,1,1,,10674,236,43.52
13109,South Korea,4/21/2020,3,,1,2,1,,1,1,,0,,,0,,,0,,,0,,,1,1,,10683,237,43.52
13110,South Korea,4/22/2020,3,,1,2,1,,1,1,,0,,,0,,,0,,,0,,,1,1,,10694,238,43.52
13111,South Korea,4/23/2020,3,,1,2,1,,1,1,,0,,,0,,,0,,,0,,,1,1,,10708,240,43.52
13112,South Korea,4/24/2020,3,,1,2,1,,1,1,,0,,,0,,,0,,,0,,,1,1,,10718,240,43.52
13113,South Korea,4/25/2020,3,,1,2,1,,1,1,,0,,,0,,,0,,,0,,,1,1,,10728,242,43.52
13114,South Korea,4/26/2020,3,,1,2,1,,1,1,,0,,,0,,,0,,,0,,,1,1,,10738,243,43.52
13115,South Korea,4/27/2020,3,,1,2,1,,1,1,,0,,,0,,,0,,,0,,,1,1,,10752,244,43.52
13116,South Korea,4/28/2020,3,,1,2,1,,1,1,,0,,,0,,,0,,,0,,,1,1,,10761,246,43.52
13117,South Korea,4/29/2020,3,,1,2,1,,1,1,,0,,,0,,,0,,,0,,,1,1,,10765,247,43.52
13118,South Korea,4/30/2020,3,,1,2,1,,1,1,,0,,,0,,,0,,,0,,,1,1,,10774,248,43.52
13119,South Korea,5/1/2020,3,,1,2,1,,1,1,,0,,,0,,,0,,,0,,,1,1,,10780,250,43.52
13120,South Korea,5/2/2020,3,,1,2,1,,1,1,,0,,,0,,,0,,,0,,,1,1,,10793,250,43.52
13121,South Korea,5/3/2020,3,,1,2,1,,1,1,,0,,,0,,,0,,,0,,,1,1,,10801,252,43.52
13122,South Korea,5/4/2020,3,,1,2,1,,1,1,,0,,,0,,,0,,,0,,,1,1,,10804,254,43.52
13123,South Korea,5/5/2020,3,,1,2,1,,1,1,,0,,,0,,,0,,,0,,,1,1,,10806,255,43.52
13124,South Korea,5/6/2020,3,,1,2,1,,1,1,,0,,,0,,,0,,,0,,,1,1,,10810,256,43.52
13125,South Korea,5/7/2020,3,,1,2,1,,1,1,,0,,,0,,,0,,,0,,,1,1,,10822,256,43.52
13126,South Korea,5/8/2020,3,,1,2,1,,1,1,,0,,,0,,,0,,,0,,,1,1,,10840,256,43.52
13127,South Korea,5/9/2020,3,,1,2,1,,1,1,,0,,,0,,,0,,,0,,,1,1,,10874,256,43.52
13128,South Korea,5/10/2020,3,,1,2,1,,1,1,,0,,,0,,,0,,,0,,,1,1,,10909,256,43.52
13129,South Korea,5/11/2020,3,,1,2,1,,1,1,,0,,,0,,,0,,,0,,,1,1,,10936,258,43.52
13130,South Korea,5/12/2020,3,,1,2,1,,1,1,,0,,,0,,,0,,,0,,,1,1,,10962,259,43.52
13131,South Korea,5/13/2020,3,,1,2,1,,1,1,,0,,,0,,,0,,,0,,,1,1,,10991,260,43.52
13132,South Korea,5/14/2020,3,,1,2,1,,1,1,,0,,,0,,,0,,,0,,,1,1,,11018,260,43.52
13133,South Korea,5/15/2020,3,,1,2,1,,1,1,,0,,,0,,,0,,,0,,,1,1,,11037,262,43.52
13134,South Korea,5/16/2020,3,,1,2,1,,1,1,,0,,,0,,,0,,,0,,,1,1,,11050,262,43.52
13135,South Korea,5/17/2020,3,,1,2,1,,1,1,,0,,,0,,,0,,,0,,,1,1,,11065,263,43.52
13136,South Korea,5/18/2020,3,,1,2,1,,1,1,,0,,,0,,,0,,,0,,,1,1,,11078,263,43.52
13137,South Korea,5/19/2020,3,,1,2,1,,1,1,,0,,,0,,,0,,,0,,,1,1,,11110,263,43.52
13138,South Korea,5/20/2020,2,,1,2,1,,1,1,,0,,,0,,,0,,,0,,,1,1,,11122,264,39.81
13139,South Korea,5/21/2020,2,,1,2,1,,1,1,,0,,,0,,,0,,,0,,,1,1,,11142,264,39.81
13140,South Korea,5/22/2020,2,,1,2,1,,1,1,,0,,,0,,,0,,,0,,,1,1,,11165,266,39.81
13141,South Korea,5/23/2020,2,,1,2,1,,1,1,,0,,,0,,,0,,,0,,,1,1,,11190,266,39.81
13142,South Korea,5/24/2020,2,,1,2,1,,1,1,,0,,,0,,,0,,,0,,,1,1,,11206,267,39.81
13143,South Korea,5/25/2020,2,,1,2,1,,1,1,,0,,,0,,,0,,,0,,,1,1,,11225,269,39.81
13144,South Korea,5/26/2020,2,,1,2,1,,1,1,,0,,,0,,,0,,,0,,,1,1,,11265,269,39.81
13145,South Korea,5/27/2020,2,,1,2,1,,1,1,,0,,,0,,,0,,,0,,,1,1,,11344,269,39.81
13146,South Korea,5/28/2020,2,,1,2,1,,1,1,,0,,,0,,,0,,,0,,,1,1,,11402,269,39.81
13147,South Korea,5/29/2020,3,,0,2,0,,2,0,,4,0,,0,,,1,0,,1,0,,1,1,,11441,269,56.94
13148,South Korea,5/30/2020,3,,0,2,0,,2,0,,4,0,,0,,,1,0,,1,0,,1,1,,11468,270,56.94
13149,South Korea,5/31/2020,3,,0,2,0,,2,0,,4,0,,0,,,1,0,,1,0,,1,1,,11503,271,56.94
15137,Mexico,1/1/2020,0,,,0,,,0,,,0,,,0,,,0,,,0,,,0,,,0,0,0
15138,Mexico,1/2/2020,0,,,0,,,0,,,0,,,0,,,0,,,0,,,0,,,0,0,0
15139,Mexico,1/3/2020,0,,,0,,,0,,,0,,,0,,,0,,,0,,,0,,,0,0,0
15140,Mexico,1/4/2020,0,,,0,,,0,,,0,,,0,,,0,,,0,,,0,,,0,0,0
15141,Mexico,1/5/2020,0,,,0,,,0,,,0,,,0,,,0,,,0,,,0,,,0,0,0
15142,Mexico,1/6/2020,0,,,0,,,0,,,0,,,0,,,0,,,0,,,0,,,0,0,0
15143,Mexico,1/7/2020,0,,,0,,,0,,,0,,,0,,,0,,,0,,,0,,,0,0,0
15144,Mexico,1/8/2020,0,,,0,,,0,,,0,,,0,,,0,,,0,,,0,,,0,0,0
15145,Mexico,1/9/2020,0,,,0,,,0,,,0,,,0,,,0,,,0,,,0,,,0,0,0
15146,Mexico,1/10/2020,0,,,0,,,0,,,0,,,0,,,0,,,0,,,0,,,0,0,0
15147,Mexico,1/11/2020,0,,,0,,,0,,,0,,,0,,,0,,,0,,,0,,,0,0,0
15148,Mexico,1/12/2020,0,,,0,,,0,,,0,,,0,,,0,,,0,,,0,,,0,0,0
15149,Mexico,1/13/2020,0,,,0,,,0,,,0,,,0,,,0,,,0,,,0,,,0,0,0
15150,Mexico,1/14/2020,0,,,0,,,0,,,0,,,0,,,0,,,0,,,0,,,0,0,0
15151,Mexico,1/15/2020,0,,,0,,,0,,,0,,,0,,,0,,,0,,,0,,,0,0,0
15152,Mexico,1/16/2020,0,,,0,,,0,,,0,,,0,,,0,,,0,,,0,,,0,0,0
15153,Mexico,1/17/2020,0,,,0,,,0,,,0,,,0,,,0,,,0,,,0,,,0,0,0
15154,Mexico,1/18/2020,0,,,0,,,0,,,0,,,0,,,0,,,0,,,0,,,0,0,0
15155,Mexico,1/19/2020,0,,,0,,,0,,,0,,,0,,,0,,,0,,,0,,,0,0,0
15156,Mexico,1/20/2020,0,,,0,,,0,,,0,,,0,,,0,,,0,,,0,,,0,0,0
15157,Mexico,1/21/2020,0,,,0,,,0,,,0,,,0,,,0,,,0,,,0,,,0,0,0
15158,Mexico,1/22/2020,0,,,0,,,0,,,0,,,0,,,0,,,0,,,0,,,0,0,0
15159,Mexico,1/23/2020,0,,,0,,,0,,,0,,,0,,,0,,,0,,,0,,,0,0,0
15160,Mexico,1/24/2020,0,,,0,,,0,,,0,,,0,,,0,,,0,,,0,,,0,0,0
15161,Mexico,1/25/2020,0,,,0,,,0,,,0,,,0,,,0,,,0,,,0,,,0,0,0
15162,Mexico,1/26/2020,0,,,0,,,0,,,0,,,0,,,0,,,0,,,0,,,0,0,0
15163,Mexico,1/27/2020,0,,,0,,,0,,,0,,,0,,,0,,,0,,,0,,,0,0,0
15164,Mexico,1/28/2020,0,,,0,,,0,,,0,,,0,,,0,,,0,,,0,,,0,0,0
15165,Mexico,1/29/2020,0,,,0,,,0,,,0,,,0,,,0,,,0,,,0,,,0,0,0
15166,Mexico,1/30/2020,0,,,0,,,0,,,0,,,0,,,0,,,0,,,0,,,0,0,0
15167,Mexico,1/31/2020,0,,,0,,,0,,,0,,,0,,,0,,,0,,,0,,,0,0,0
15168,Mexico,2/1/2020,0,,,0,,,0,,,0,,,0,,,0,,,0,,,0,,,0,0,0
15169,Mexico,2/2/2020,0,,,0,,,0,,,0,,,0,,,0,,,0,,,0,,,0,0,0
15170,Mexico,2/3/2020,0,,,0,,,0,,,0,,,0,,,0,,,0,,,0,,,0,0,0
15171,Mexico,2/4/2020,0,,,0,,,0,,,0,,,0,,,0,,,0,,,0,,,0,0,0
15172,Mexico,2/5/2020,0,,,0,,,0,,,0,,,0,,,0,,,0,,,0,,,0,0,0
15173,Mexico,2/6/2020,0,,,0,,,0,,,0,,,0,,,0,,,0,,,0,,,0,0,0
15174,Mexico,2/7/2020,0,,,0,,,0,,,0,,,0,,,0,,,0,,,0,,,0,0,0
15175,Mexico,2/8/2020,0,,,0,,,0,,,0,,,0,,,0,,,0,,,0,,,0,0,0
15176,Mexico,2/9/2020,0,,,0,,,0,,,0,,,0,,,0,,,0,,,0,,,0,0,0
15177,Mexico,2/10/2020,0,,,0,,,0,,,0,,,0,,,0,,,0,,,0,,,0,0,0
15178,Mexico,2/11/2020,0,,,0,,,0,,,0,,,0,,,0,,,0,,,0,,,0,0,0
15179,Mexico,2/12/2020,0,,,0,,,0,,,0,,,0,,,0,,,0,,,0,,,0,0,0
15180,Mexico,2/13/2020,0,,,0,,,0,,,0,,,0,,,0,,,0,,,0,,,0,0,0
15181,Mexico,2/14/2020,0,,,0,,,0,,,0,,,0,,,0,,,0,,,0,,,0,0,0
15182,Mexico,2/15/2020,0,,,0,,,0,,,0,,,0,,,0,,,0,,,0,,,0,0,0
15183,Mexico,2/16/2020,0,,,0,,,0,,,0,,,0,,,0,,,0,,,0,,,0,0,0
15184,Mexico,2/17/2020,0,,,0,,,0,,,0,,,0,,,0,,,0,,,0,,,0,0,0
15185,Mexico,2/18/2020,0,,,0,,,0,,,0,,,0,,,0,,,0,,,0,,,0,0,0
15186,Mexico,2/19/2020,0,,,0,,,0,,,0,,,0,,,0,,,0,,,0,,,0,0,0
15187,Mexico,2/20/2020,0,,,0,,,0,,,0,,,0,,,0,,,0,,,0,,,0,0,0
15188,Mexico,2/21/2020,0,,,0,,,0,,,0,,,0,,,0,,,0,,,0,,,0,0,0
15189,Mexico,2/22/2020,0,,,0,,,0,,,0,,,0,,,0,,,0,,,0,,,0,0,0
15190,Mexico,2/23/2020,0,,,0,,,0,,,0,,,0,,,0,,,0,,,0,,,0,0,0
15191,Mexico,2/24/2020,0,,,0,,,0,,,0,,,0,,,0,,,0,,,0,,,0,0,0
15192,Mexico,2/25/2020,0,,,0,,,0,,,0,,,0,,,0,,,0,,,0,,,0,0,0
15193,Mexico,2/26/2020,0,,,0,,,0,,,0,,,0,,,0,,,0,,,0,,,0,0,0
15194,Mexico,2/27/2020,0,,,0,,,0,,,0,,,0,,,0,,,0,,,0,,,0,0,0
15195,Mexico,2/28/2020,0,,,0,,,0,,,0,,,0,,,0,,,0,,,0,,,1,0,2.78
15196,Mexico,2/29/2020,0,,,0,,,0,,,0,,,0,,,0,,,0,,,0,,,4,0,2.78
15197,Mexico,3/1/2020,0,,,0,,,0,,,0,,,0,,,0,,,0,,,0,,,5,0,2.78
15198,Mexico,3/2/2020,0,,,0,,,0,,,0,,,0,,,0,,,0,,,0,,,5,0,2.78
15199,Mexico,3/3/2020,0,,,0,,,0,,,0,,,0,,,0,,,0,,,0,,,5,0,2.78
15200,Mexico,3/4/2020,0,,,0,,,0,,,0,,,0,,,0,,,0,,,0,,,5,0,2.78
15201,Mexico,3/5/2020,0,,,0,,,0,,,0,,,0,,,0,,,0,,,0,,,5,0,2.78
15202,Mexico,3/6/2020,0,,,0,,,0,,,0,,,0,,,0,,,0,,,0,,,6,0,2.78
15203,Mexico,3/7/2020,0,,,0,,,0,,,0,,,0,,,0,,,0,,,0,,,6,0,2.78
15204,Mexico,3/8/2020,0,,,0,,,0,,,0,,,0,,,0,,,0,,,0,,,7,0,2.78
15205,Mexico,3/9/2020,0,,,0,,,0,,,0,,,0,,,0,,,0,,,0,,,7,0,2.78
15206,Mexico,3/10/2020,0,,,0,,,0,,,0,,,0,,,0,,,0,,,0,,,7,0,2.78
15207,Mexico,3/11/2020,0,,,0,,,0,,,0,,,0,,,0,,,0,,,0,,,8,0,2.78
15208,Mexico,3/12/2020,0,,,0,,,0,,,0,,,0,,,0,,,0,,,0,,,12,0,2.78
15209,Mexico,3/13/2020,0,,,0,,,0,,,0,,,0,,,0,,,0,,,0,,,26,0,2.78
15210,Mexico,3/14/2020,0,,,0,,,0,,,0,,,0,,,0,,,0,,,0,,,41,0,2.78
15211,Mexico,3/15/2020,0,,,0,,,0,,,0,,,0,,,0,,,0,,,0,,,53,0,2.78
15212,Mexico,3/16/2020,0,,,0,,,0,,,0,,,0,,,0,,,0,,,0,,,82,0,2.78
15213,Mexico,3/17/2020,0,,,0,,,0,,,0,,,0,,,0,,,0,,,0,,,93,0,2.78
15214,Mexico,3/18/2020,0,,,0,,,0,,,0,,,0,,,0,,,0,,,0,,,118,0,2.78
15215,Mexico,3/19/2020,0,,,0,,,0,,,0,,,0,,,0,,,0,,,0,,,164,1,2.78
15216,Mexico,3/20/2020,0,,,0,,,0,,,0,,,0,,,0,,,0,,,0,,,203,2,2.78
15217,Mexico,3/21/2020,0,,,0,,,0,,,0,,,0,,,0,,,0,,,0,,,251,2,8.33
15218,Mexico,3/22/2020,0,,,0,,,0,,,0,,,0,,,0,,,0,,,0,,,316,3,8.33
15219,Mexico,3/23/2020,3,,1,0,,,0,,,0,,,0,,,0,,,0,,,0,,,367,4,19.44
15220,Mexico,3/24/2020,3,,1,0,,,2,1,,2,1,,0,,,0,,,1,1,,0,,,405,5,52.78
15221,Mexico,3/25/2020,3,,1,0,,,2,1,,2,1,,0,,,0,,,1,1,,0,,,475,6,52.78
15222,Mexico,3/26/2020,3,,1,3,1,,2,1,,2,1,,0,,,0,,,1,1,,0,,,585,8,63.89
15223,Mexico,3/27/2020,3,,1,3,1,,2,1,,2,1,,0,,,0,,,1,1,,0,,,717,12,63.89
15224,Mexico,3/28/2020,3,,1,3,1,,2,1,,2,1,,0,,,0,,,1,1,,0,,,848,16,63.89
15225,Mexico,3/29/2020,3,,1,3,1,,2,1,,2,1,,0,,,0,,,1,1,,0,,,993,20,63.89
15226,Mexico,3/30/2020,3,,1,3,1,,2,1,,3,1,,1,0,,2,1,,2,1,,0,,,1094,28,82.41
15227,Mexico,3/31/2020,3,,1,3,1,,2,1,,3,1,,1,0,,2,1,,2,1,,0,,,1215,29,82.41
15228,Mexico,4/1/2020,3,,1,3,1,,2,1,,3,1,,1,0,,2,1,,2,1,,0,,,1378,37,82.41
15229,Mexico,4/2/2020,3,,1,3,1,,2,1,,3,1,,1,0,,2,1,,2,1,,0,,,1510,50,82.41
15230,Mexico,4/3/2020,3,,1,3,1,,2,1,,3,1,,1,0,,2,1,,2,1,,0,,,1688,60,82.41
15231,Mexico,4/4/2020,3,,1,3,1,,2,1,,3,1,,1,0,,2,1,,2,1,,0,,,1890,79,82.41
15232,Mexico,4/5/2020,3,,1,3,1,,2,1,,3,1,,1,0,,2,1,,2,1,,0,,,2143,94,82.41
15233,Mexico,4/6/2020,3,,1,3,1,,2,1,,3,1,,1,0,,2,1,,2,1,,0,,,2439,125,82.41
15234,Mexico,4/7/2020,3,,1,3,1,,2,1,,3,1,,1,0,,2,1,,2,1,,0,,,2785,141,82.41
15235,Mexico,4/8/2020,3,,1,3,1,,2,1,,3,1,,1,0,,2,1,,2,1,,0,,,3181,174,82.41
15236,Mexico,4/9/2020,3,,1,3,1,,2,1,,3,1,,1,0,,2,1,,2,1,,0,,,3441,194,82.41
15237,Mexico,4/10/2020,3,,1,3,1,,2,1,,3,1,,1,0,,2,1,,2,1,,0,,,3844,233,82.41
15238,Mexico,4/11/2020,3,,1,3,1,,2,1,,3,1,,1,0,,2,1,,2,1,,0,,,4219,273,82.41
15239,Mexico,4/12/2020,3,,1,3,1,,2,1,,3,1,,1,0,,2,1,,2,1,,0,,,4661,296,82.41
15240,Mexico,4/13/2020,3,,1,3,1,,2,1,,3,1,,1,0,,2,1,,2,1,,0,,,5014,332,82.41
15241,Mexico,4/14/2020,3,,1,3,1,,2,1,,3,1,,1,0,,2,1,,2,1,,0,,,5399,406,82.41
15242,Mexico,4/15/2020,3,,1,3,1,,2,1,,3,1,,1,0,,2,1,,2,1,,0,,,5847,449,82.41
15243,Mexico,4/16/2020,3,,1,3,1,,2,1,,3,1,,1,0,,2,1,,2,1,,0,,,6297,486,82.41
15244,Mexico,4/17/2020,3,,1,3,1,,2,1,,3,1,,1,0,,2,1,,2,1,,0,,,6875,546,82.41
15245,Mexico,4/18/2020,3,,1,3,1,,2,1,,3,1,,1,0,,2,1,,2,1,,0,,,7497,650,82.41
15246,Mexico,4/19/2020,3,,1,3,1,,2,1,,3,1,,1,0,,2,1,,2,1,,0,,,8261,686,82.41
15247,Mexico,4/20/2020,3,,1,3,1,,2,1,,3,1,,1,0,,2,1,,2,1,,0,,,8772,712,82.41
15248,Mexico,4/21/2020,3,,1,3,1,,2,1,,3,1,,1,0,,2,1,,2,1,,0,,,9501,857,82.41
15249,Mexico,4/22/2020,3,,1,3,1,,2,1,,3,1,,1,0,,2,1,,2,1,,0,,,10544,970,82.41
15250,Mexico,4/23/2020,3,,1,3,1,,2,1,,3,1,,1,0,,2,1,,2,1,,0,,,11633,1069,82.41
15251,Mexico,4/24/2020,3,,1,3,1,,2,1,,3,1,,1,0,,2,1,,2,1,,0,,,12872,1221,82.41
15252,Mexico,4/25/2020,3,,1,3,1,,2,1,,3,1,,1,0,,2,1,,2,1,,0,,,13842,1305,82.41
15253,Mexico,4/26/2020,3,,1,3,1,,2,1,,3,1,,1,0,,2,1,,2,1,,0,,,14677,1351,82.41
15254,Mexico,4/27/2020,3,,1,3,1,,2,1,,3,1,,1,0,,2,1,,2,1,,0,,,15529,1434,82.41
15255,Mexico,4/28/2020,3,,1,3,1,,2,1,,3,1,,1,0,,2,1,,2,1,,0,,,16752,1569,82.41
15256,Mexico,4/29/2020,3,,1,3,1,,2,1,,3,1,,1,0,,2,1,,2,1,,0,,,17799,1732,82.41
15257,Mexico,4/30/2020,3,,1,3,1,,2,1,,3,1,,1,0,,2,1,,2,1,,0,,,19224,1859,82.41
15258,Mexico,5/1/2020,3,,1,3,1,,2,1,,3,1,,1,0,,2,1,,2,1,,0,,,20739,1972,82.41
15259,Mexico,5/2/2020,3,,1,3,1,,2,1,,3,1,,1,0,,2,1,,2,1,,0,,,22088,2061,82.41
15260,Mexico,5/3/2020,3,,1,3,1,,2,1,,3,1,,1,0,,2,1,,2,1,,0,,,23471,2154,82.41
15261,Mexico,5/4/2020,3,,1,3,1,,2,1,,3,1,,1,0,,2,1,,2,1,,0,,,24905,2271,82.41
15262,Mexico,5/5/2020,3,,1,3,1,,2,1,,3,1,,1,0,,2,1,,2,1,,0,,,26025,2507,82.41
15263,Mexico,5/6/2020,3,,1,3,1,,2,1,,3,1,,1,0,,2,1,,2,1,,0,,,27634,2704,82.41
15264,Mexico,5/7/2020,3,,1,3,1,,2,1,,3,1,,1,0,,2,1,,2,1,,0,,,29616,2961,82.41
15265,Mexico,5/8/2020,3,,1,3,1,,2,1,,3,1,,1,0,,2,1,,2,1,,0,,,31522,3160,82.41
15266,Mexico,5/9/2020,3,,1,3,1,,2,1,,3,1,,1,0,,2,1,,2,1,,0,,,33460,3353,82.41
15267,Mexico,5/10/2020,3,,1,3,1,,2,1,,3,1,,1,0,,2,1,,2,1,,0,,,35022,3465,82.41
15268,Mexico,5/11/2020,3,,1,3,1,,2,1,,3,1,,1,0,,2,1,,2,1,,0,,,36327,3573,82.41
15269,Mexico,5/12/2020,3,,1,3,1,,2,1,,3,1,,1,0,,2,1,,2,1,,0,,,38324,3926,82.41
15270,Mexico,5/13/2020,3,,1,3,1,,2,1,,3,1,,1,0,,2,1,,2,1,,0,,,40186,4220,82.41
15271,Mexico,5/14/2020,3,,1,3,1,,2,1,,3,1,,1,0,,2,1,,2,1,,0,,,42595,4477,82.41
15272,Mexico,5/15/2020,3,,1,3,1,,2,1,,3,1,,1,0,,2,1,,2,1,,0,,,45032,4767,82.41
15273,Mexico,5/16/2020,3,,1,3,1,,2,1,,3,1,,1,0,,2,1,,2,1,,0,,,47144,5045,82.41
15274,Mexico,5/17/2020,3,,1,3,1,,2,1,,3,1,,1,0,,2,1,,2,1,,0,,,49219,5177,82.41
15275,Mexico,5/18/2020,3,,1,3,1,,2,1,,3,1,,1,0,,2,1,,2,1,,0,,,51633,5332,82.41
15276,Mexico,5/19/2020,3,,1,3,1,,2,1,,3,1,,1,0,,2,1,,2,1,,0,,,54346,5666,82.41
15277,Mexico,5/20/2020,3,,1,3,1,,2,1,,3,1,,1,0,,2,1,,2,1,,0,,,56594,6090,82.41
15278,Mexico,5/21/2020,3,,1,3,1,,2,1,,3,1,,1,0,,2,1,,2,1,,0,,,59567,6510,82.41
15279,Mexico,5/22/2020,3,,1,3,1,,2,1,,3,1,,1,0,,2,1,,2,1,,0,,,62527,6989,82.41
15280,Mexico,5/23/2020,3,,1,3,1,,2,1,,3,1,,1,0,,2,1,,2,1,,0,,,65856,7179,82.41
15281,Mexico,5/24/2020,3,,1,3,1,,2,1,,3,1,,1,0,,2,1,,2,1,,0,,,68620,7394,82.41
15283,Mexico,5/25/2020,3,,1,3,1,,2,1,,3,1,,1,0,,2,1,,2,1,,0,,,71105,7633,82.41
15284,Mexico,5/26/2020,3,,1,3,1,,2,1,,3,1,,1,0,,2,1,,2,1,,0,,,74560,8134,82.41
15285,Mexico,5/27/2020,3,,1,3,1,,2,1,,3,1,,1,0,,2,1,,2,1,,0,,,78023,8597,82.41
15286,Mexico,5/28/2020,3,,1,3,1,,2,1,,3,1,,1,0,,2,1,,2,1,,0,,,81400,9044,82.41
15287,Mexico,5/29/2020,3,,1,3,1,,2,1,,3,1,,1,0,,2,1,,2,1,,0,,,84627,9415,82.41
15288,Mexico,5/30/2020,3,,1,3,1,,2,1,,3,1,,1,0,,2,1,,2,1,,0,,,87512,9779,82.41
15289,Mexico,5/31/2020,3,,1,3,1,,2,1,,3,1,,1,0,,2,1,,2,1,,0,,,90664,9930,82.41
16817,Nigeria,1/1/2020,0,,,0,,,0,,,0,,,0,,,0,,,0,,,0,,,0,0,11.11
16818,Nigeria,1/2/2020,0,,,0,,,0,,,0,,,0,,,0,,,0,,,0,,,0,0,11.11
16819,Nigeria,1/3/2020,0,,,0,,,0,,,0,,,0,,,0,,,0,,,0,,,0,0,11.11
16820,Nigeria,1/4/2020,0,,,0,,,0,,,0,,,0,,,0,,,0,,,0,,,0,0,11.11
16821,Nigeria,1/5/2020,0,,,0,,,0,,,0,,,0,,,0,,,0,,,0,,,0,0,11.11
16822,Nigeria,1/6/2020,0,,,0,,,0,,,0,,,0,,,0,,,0,,,0,,,0,0,11.11
16823,Nigeria,1/7/2020,0,,,0,,,0,,,0,,,0,,,0,,,0,,,0,,,0,0,11.11
16824,Nigeria,1/8/2020,0,,,0,,,0,,,0,,,0,,,0,,,0,,,0,,,0,0,11.11
16825,Nigeria,1/9/2020,0,,,0,,,0,,,0,,,0,,,0,,,0,,,0,,,0,0,11.11
16826,Nigeria,1/10/2020,0,,,0,,,0,,,0,,,0,,,0,,,0,,,0,,,0,0,11.11
16827,Nigeria,1/11/2020,0,,,0,,,0,,,0,,,0,,,0,,,0,,,0,,,0,0,11.11
16828,Nigeria,1/12/2020,0,,,0,,,0,,,0,,,0,,,0,,,0,,,0,,,0,0,11.11
16829,Nigeria,1/13/2020,0,,,0,,,0,,,0,,,0,,,0,,,0,,,0,,,0,0,11.11
16830,Nigeria,1/14/2020,0,,,0,,,0,,,0,,,0,,,0,,,0,,,0,,,0,0,11.11
16831,Nigeria,1/15/2020,0,,,0,,,0,,,0,,,0,,,0,,,0,,,0,,,0,0,11.11
16832,Nigeria,1/16/2020,0,,,0,,,0,,,0,,,0,,,0,,,0,,,0,,,0,0,11.11
16833,Nigeria,1/17/2020,0,,,0,,,0,,,0,,,0,,,0,,,0,,,0,,,0,0,11.11
16834,Nigeria,1/18/2020,0,,,0,,,0,,,0,,,0,,,0,,,0,,,0,,,0,0,11.11
16835,Nigeria,1/19/2020,0,,,0,,,0,,,0,,,0,,,0,,,0,,,0,,,0,0,11.11
16836,Nigeria,1/20/2020,0,,,0,,,0,,,0,,,0,,,0,,,0,,,0,,,0,0,11.11
16837,Nigeria,1/21/2020,0,,,0,,,0,,,0,,,0,,,0,,,0,,,0,,,0,0,11.11
16838,Nigeria,1/22/2020,0,,,0,,,0,,,0,,,0,,,0,,,0,,,0,,,0,0,16.67
16839,Nigeria,1/23/2020,0,,,0,,,0,,,0,,,0,,,0,,,0,,,0,,,0,0,16.67
16840,Nigeria,1/24/2020,0,,,0,,,0,,,0,,,0,,,0,,,0,,,0,,,0,0,16.67
16841,Nigeria,1/25/2020,0,,,0,,,0,,,0,,,0,,,0,,,0,,,0,,,0,0,16.67
16842,Nigeria,1/26/2020,0,,,0,,,0,,,0,,,0,,,0,,,0,,,0,,,0,0,16.67
16843,Nigeria,1/27/2020,0,,,0,,,0,,,0,,,0,,,0,,,0,,,0,,,0,0,16.67
16844,Nigeria,1/28/2020,0,,,0,,,0,,,0,,,0,,,0,,,0,,,0,,,0,0,16.67
16845,Nigeria,1/29/2020,0,,,0,,,0,,,0,,,0,,,0,,,0,,,0,,,0,0,16.67
16846,Nigeria,1/30/2020,0,,,0,,,0,,,0,,,0,,,0,,,0,,,0,,,0,0,16.67
16847,Nigeria,1/31/2020,0,,,0,,,0,,,0,,,0,,,0,,,0,,,0,,,0,0,22.22
16848,Nigeria,2/1/2020,0,,,0,,,0,,,0,,,0,,,0,,,0,,,0,,,0,0,22.22
16850,Nigeria,2/2/2020,0,,,0,,,0,,,0,,,0,,,0,,,0,,,0,,,0,0,22.22
16851,Nigeria,2/3/2020,0,,,0,,,0,,,0,,,0,,,0,,,0,,,0,,,0,0,22.22
16852,Nigeria,2/4/2020,0,,,0,,,0,,,0,,,0,,,0,,,0,,,0,,,0,0,22.22
16853,Nigeria,2/5/2020,0,,,0,,,0,,,0,,,0,,,0,,,0,,,0,,,0,0,22.22
16854,Nigeria,2/6/2020,0,,,0,,,0,,,0,,,0,,,0,,,0,,,0,,,0,0,22.22
16855,Nigeria,2/7/2020,0,,,0,,,0,,,0,,,0,,,0,,,0,,,0,,,0,0,22.22
16856,Nigeria,2/8/2020,0,,,0,,,0,,,0,,,0,,,0,,,0,,,0,,,0,0,22.22
16857,Nigeria,2/9/2020,0,,,0,,,0,,,0,,,0,,,0,,,0,,,0,,,0,0,22.22
16858,Nigeria,2/10/2020,0,,,0,,,0,,,0,,,0,,,0,,,0,,,0,,,0,0,22.22
16859,Nigeria,2/11/2020,0,,,0,,,0,,,0,,,0,,,0,,,0,,,0,,,0,0,22.22
16860,Nigeria,2/12/2020,0,,,0,,,0,,,0,,,0,,,0,,,0,,,0,,,0,0,22.22
16861,Nigeria,2/13/2020,0,,,0,,,0,,,0,,,0,,,0,,,0,,,0,,,0,0,22.22
16862,Nigeria,2/14/2020,0,,,0,,,0,,,0,,,0,,,0,,,0,,,0,,,0,0,22.22
16863,Nigeria,2/15/2020,0,,,0,,,0,,,0,,,0,,,0,,,0,,,0,,,0,0,22.22
16864,Nigeria,2/16/2020,0,,,0,,,0,,,0,,,0,,,0,,,0,,,0,,,0,0,22.22
16865,Nigeria,2/17/2020,0,,,0,,,0,,,0,,,0,,,0,,,0,,,0,,,0,0,22.22
16866,Nigeria,2/18/2020,0,,,0,,,0,,,0,,,0,,,0,,,0,,,0,,,0,0,22.22
16867,Nigeria,2/19/2020,0,,,0,,,0,,,0,,,0,,,0,,,0,,,0,,,0,0,22.22
16868,Nigeria,2/20/2020,0,,,0,,,0,,,0,,,0,,,0,,,0,,,0,,,0,0,22.22
16869,Nigeria,2/21/2020,0,,,0,,,0,,,0,,,0,,,0,,,0,,,0,,,0,0,22.22
16870,Nigeria,2/22/2020,0,,,0,,,0,,,0,,,0,,,0,,,0,,,0,,,0,0,22.22
16871,Nigeria,2/23/2020,0,,,0,,,0,,,0,,,0,,,0,,,0,,,0,,,0,0,22.22
16872,Nigeria,2/24/2020,0,,,0,,,0,,,0,,,0,,,0,,,0,,,0,,,0,0,22.22
16873,Nigeria,2/25/2020,0,,,0,,,0,,,0,,,0,,,0,,,0,,,0,,,0,0,22.22
16874,Nigeria,2/26/2020,0,,,0,,,0,,,0,,,0,,,0,,,0,,,0,,,0,0,22.22
16875,Nigeria,2/27/2020,0,,,0,,,0,,,0,,,0,,,0,,,0,,,0,,,0,0,22.22
16876,Nigeria,2/28/2020,0,,,0,,,0,,,0,,,0,,,0,,,0,,,0,,,1,0,22.22
16877,Nigeria,2/29/2020,0,,,0,,,0,,,0,,,0,,,0,,,0,,,0,,,1,0,22.22
16878,Nigeria,3/1/2020,0,,,0,,,0,,,0,,,0,,,0,,,0,,,0,,,1,0,22.22
16879,Nigeria,3/2/2020,0,,,0,,,0,,,0,,,0,,,0,,,0,,,0,,,1,0,22.22
16880,Nigeria,3/3/2020,0,,,0,,,0,,,0,,,0,,,0,,,0,,,0,,,1,0,22.22
16881,Nigeria,3/4/2020,0,,,0,,,0,,,0,,,0,,,0,,,0,,,0,,,1,0,22.22
16882,Nigeria,3/5/2020,0,,,0,,,0,,,0,,,0,,,0,,,0,,,0,,,1,0,22.22
16883,Nigeria,3/6/2020,0,,,0,,,0,,,0,,,0,,,0,,,0,,,0,,,1,0,22.22
16884,Nigeria,3/7/2020,0,,,0,,,0,,,0,,,0,,,0,,,0,,,0,,,1,0,22.22
16885,Nigeria,3/8/2020,0,,,0,,,0,,,0,,,0,,,0,,,0,,,0,,,1,0,22.22
16886,Nigeria,3/9/2020,0,,,0,,,0,,,0,,,0,,,0,,,0,,,0,,,2,0,22.22
16887,Nigeria,3/10/2020,0,,,0,,,0,,,0,,,0,,,0,,,0,,,0,,,2,0,22.22
16888,Nigeria,3/11/2020,0,,,0,,,0,,,0,,,0,,,0,,,0,,,0,,,2,0,22.22
16889,Nigeria,3/12/2020,0,,,0,,,0,,,0,,,0,,,0,,,0,,,0,,,2,0,22.22
16890,Nigeria,3/13/2020,0,,,0,,,0,,,0,,,0,,,0,,,0,,,0,,,2,0,22.22
16891,Nigeria,3/14/2020,0,,,0,,,0,,,0,,,0,,,0,,,0,,,0,,,2,0,22.22
16892,Nigeria,3/15/2020,0,,,0,,,0,,,0,,,0,,,0,,,0,,,0,,,2,0,22.22
16893,Nigeria,3/16/2020,0,,,0,,,0,,,0,,,0,,,0,,,0,,,0,,,2,0,22.22
16894,Nigeria,3/17/2020,0,,,0,,,0,,,0,,,0,,,0,,,0,,,0,,,3,0,22.22
16895,Nigeria,3/18/2020,0,,,1,0,,1,1,,3,0,,0,,,0,,,0,,,0,,,8,0,36.57
16896,Nigeria,3/19/2020,0,,,1,0,,1,1,,3,0,,0,,,0,,,0,,,0,,,8,0,36.57
16897,Nigeria,3/20/2020,2,,0,1,0,,2,0,,3,0,,0,,,0,,,0,,,0,,,12,0,44.91
16898,Nigeria,3/21/2020,2,,0,1,0,,2,0,,3,0,,0,,,0,,,0,,,0,,,22,0,44.91
16899,Nigeria,3/22/2020,2,,0,1,0,,2,0,,3,0,,0,,,0,,,0,,,0,,,30,0,44.91
16900,Nigeria,3/23/2020,2,,1,1,0,,2,0,,3,0,,0,,,1,0,,0,,,0,,,40,1,48.61
16901,Nigeria,3/24/2020,2,,1,1,0,,2,0,,3,0,,0,,,1,0,,0,,,0,,,44,1,48.61
16902,Nigeria,3/25/2020,2,,1,1,0,,2,0,,3,0,,0,,,1,0,,0,,,0,,,51,1,48.61
16903,Nigeria,3/26/2020,3,,1,1,0,,2,0,,3,0,,0,,,1,0,,0,,,0,,,65,1,52.31
16904,Nigeria,3/27/2020,3,,1,1,0,,2,0,,3,0,,0,,,1,0,,0,,,0,,,70,1,52.31
16905,Nigeria,3/28/2020,3,,1,1,0,,2,0,,4,0,,0,,,1,0,,0,,,0,,,89,1,55.09
16906,Nigeria,3/29/2020,3,,1,3,0,,2,0,,4,0,,2,0,,2,0,,2,0,,0,,,111,1,82.87
16907,Nigeria,3/30/2020,3,,1,3,0,,2,0,,4,0,,2,0,,2,0,,2,0,,0,,,131,2,82.87
16908,Nigeria,3/31/2020,3,,1,3,0,,2,0,,4,0,,2,0,,2,0,,2,0,,0,,,135,2,82.87
16909,Nigeria,4/1/2020,3,,1,3,0,,2,0,,4,0,,2,0,,2,0,,2,0,,0,,,174,2,82.87
16910,Nigeria,4/2/2020,3,,1,3,0,,2,0,,4,0,,2,0,,2,0,,2,0,,0,,,184,2,82.87
16911,Nigeria,4/3/2020,3,,1,3,0,,2,0,,4,0,,2,0,,2,0,,2,0,,0,,,210,4,82.87
16912,Nigeria,4/4/2020,3,,1,3,0,,2,0,,4,0,,2,0,,2,0,,2,0,,0,,,214,4,82.87
16913,Nigeria,4/5/2020,3,,1,3,0,,2,0,,4,0,,2,0,,2,0,,2,0,,0,,,232,5,82.87
16914,Nigeria,4/6/2020,3,,1,3,0,,2,0,,4,0,,2,0,,2,0,,2,0,,0,,,238,5,82.87
16915,Nigeria,4/7/2020,3,,1,3,0,,2,0,,4,0,,2,0,,2,0,,2,0,,0,,,254,6,82.87
16916,Nigeria,4/8/2020,3,,1,3,0,,2,0,,4,0,,2,0,,2,0,,2,0,,0,,,276,6,82.87
16917,Nigeria,4/9/2020,3,,1,3,0,,2,0,,4,0,,2,0,,2,0,,2,0,,0,,,288,7,82.87
16918,Nigeria,4/10/2020,3,,1,3,0,,2,0,,4,0,,2,0,,2,0,,2,0,,0,,,305,7,82.87
16919,Nigeria,4/11/2020,3,,1,3,0,,2,0,,4,0,,2,0,,2,0,,2,0,,0,,,318,10,82.87
16920,Nigeria,4/12/2020,3,,1,3,0,,2,0,,4,0,,2,0,,2,0,,2,0,,0,,,323,10,82.87
16921,Nigeria,4/13/2020,3,,1,3,0,,2,0,,4,0,,2,0,,2,0,,2,0,,0,,,343,10,82.87
16922,Nigeria,4/14/2020,3,,1,3,0,,2,0,,4,0,,2,0,,2,0,,2,0,,0,,,373,11,82.87
16923,Nigeria,4/15/2020,3,,1,3,0,,2,0,,4,0,,2,0,,2,0,,2,0,,0,,,407,12,82.87
16924,Nigeria,4/16/2020,3,,1,3,0,,2,0,,4,0,,2,0,,2,0,,2,0,,0,,,442,13,82.87
16925,Nigeria,4/17/2020,3,,1,3,0,,2,0,,4,0,,2,0,,2,0,,2,0,,0,,,493,17,82.87
16926,Nigeria,4/18/2020,3,,1,3,0,,2,0,,4,0,,2,0,,2,0,,2,0,,0,,,542,19,82.87
16927,Nigeria,4/19/2020,3,,1,3,0,,2,0,,4,0,,2,0,,2,0,,2,0,,0,,,627,21,82.87
16928,Nigeria,4/20/2020,3,,1,3,0,,2,0,,4,0,,2,0,,2,0,,2,0,,0,,,665,22,82.87
16929,Nigeria,4/21/2020,3,,1,3,0,,2,0,,4,0,,2,0,,2,0,,2,0,,0,,,665,22,82.87
16930,Nigeria,4/22/2020,3,,1,3,0,,2,0,,4,0,,2,0,,2,0,,2,0,,0,,,873,28,82.87
16931,Nigeria,4/23/2020,3,,1,3,0,,2,0,,4,0,,2,0,,2,0,,2,1,,0,,,981,31,85.65
16932,Nigeria,4/24/2020,3,,1,3,0,,2,0,,4,0,,2,0,,2,0,,2,1,,0,,,1095,32,85.65
16933,Nigeria,4/25/2020,3,,1,3,0,,2,0,,4,0,,2,0,,2,0,,2,1,,0,,,1182,35,85.65
16934,Nigeria,4/26/2020,3,,1,3,0,,2,0,,4,0,,2,0,,2,0,,2,1,,0,,,1273,40,85.65
16935,Nigeria,4/27/2020,3,,1,3,0,,2,0,,4,0,,2,0,,2,0,,2,1,,0,,,1337,40,85.65
16936,Nigeria,4/28/2020,3,,1,3,0,,2,0,,4,0,,2,0,,2,0,,2,1,,0,,,1532,44,85.65
16937,Nigeria,4/29/2020,3,,1,3,0,,2,0,,4,0,,2,0,,2,0,,2,1,,0,,,1728,51,85.65
16938,Nigeria,4/30/2020,3,,1,3,0,,2,0,,4,0,,2,0,,2,0,,2,1,,0,,,1932,58,85.65
16939,Nigeria,5/1/2020,3,,1,3,0,,2,0,,4,0,,2,0,,2,0,,2,1,,0,,,2170,68,85.65
16940,Nigeria,5/2/2020,3,,1,3,0,,2,0,,4,0,,2,0,,2,0,,2,1,,0,,,2388,85,85.65
16941,Nigeria,5/3/2020,3,,1,3,0,,2,0,,4,0,,2,0,,2,0,,2,1,,0,,,2558,87,85.65
16942,Nigeria,5/4/2020,3,,1,2,1,,2,1,,3,1,,1,1,,1,1,,2,1,,0,,,2802,93,80.56
16943,Nigeria,5/5/2020,3,,1,2,1,,2,1,,3,1,,1,1,,1,1,,2,1,,0,,,2950,98,80.56
16944,Nigeria,5/6/2020,3,,1,2,1,,2,1,,3,1,,1,1,,1,1,,2,1,,0,,,3145,103,80.56
16945,Nigeria,5/7/2020,3,,1,2,1,,2,1,,3,1,,1,1,,1,1,,2,1,,0,,,3526,107,80.56
16946,Nigeria,5/8/2020,3,,1,2,1,,2,1,,3,1,,1,1,,1,1,,2,1,,0,,,3912,117,80.56
16947,Nigeria,5/9/2020,3,,1,2,1,,2,1,,3,1,,1,1,,1,1,,2,1,,0,,,4151,128,80.56
16948,Nigeria,5/10/2020,3,,1,2,1,,2,1,,3,1,,1,1,,1,1,,2,1,,0,,,4399,143,80.56
16949,Nigeria,5/11/2020,3,,1,2,1,,2,1,,3,1,,1,1,,1,1,,2,1,,0,,,4641,150,80.56
16950,Nigeria,5/12/2020,3,,1,2,1,,2,1,,3,1,,1,1,,1,1,,2,1,,0,,,4787,158,80.56
16951,Nigeria,5/13/2020,3,,1,2,1,,2,1,,3,1,,1,1,,1,1,,2,1,,0,,,4971,164,80.56
16952,Nigeria,5/14/2020,3,,1,2,1,,2,1,,3,1,,1,1,,1,1,,2,1,,0,,,5162,167,80.56
16953,Nigeria,5/15/2020,3,,1,2,1,,2,1,,3,1,,1,1,,1,1,,2,1,,0,,,5450,171,80.56
16954,Nigeria,5/16/2020,3,,1,2,1,,2,1,,3,1,,1,1,,1,1,,2,1,,0,,,5621,176,80.56
16955,Nigeria,5/17/2020,3,,1,2,1,,2,1,,3,1,,1,1,,1,1,,2,1,,0,,,5959,182,80.56
16956,Nigeria,5/18/2020,3,,1,2,1,,2,1,,3,1,,1,1,,1,1,,2,1,,0,,,6175,191,80.56
16957,Nigeria,5/19/2020,3,,1,2,1,,2,1,,3,1,,1,1,,1,1,,2,1,,0,,,6401,192,80.56
16958,Nigeria,5/20/2020,3,,1,2,1,,2,1,,3,1,,1,1,,1,1,,2,1,,0,,,6677,200,80.56
16959,Nigeria,5/21/2020,3,,1,2,1,,2,1,,3,1,,1,1,,1,1,,2,1,,0,,,7016,211,80.56
16960,Nigeria,5/22/2020,3,,1,2,1,,2,1,,3,1,,1,1,,1,1,,2,1,,0,,,7261,221,80.56
16961,Nigeria,5/23/2020,3,,1,2,1,,2,1,,3,1,,1,1,,1,1,,2,1,,0,,,7526,221,80.56
16962,Nigeria,5/24/2020,3,,1,2,1,,2,1,,3,1,,1,1,,1,1,,2,1,,0,,,7839,226,80.56
16963,Nigeria,5/25/2020,3,,1,2,1,,2,1,,3,1,,1,1,,1,1,,2,1,,0,,,8068,233,80.56
16964,Nigeria,5/26/2020,,,,,,,,,,,,,,,,,,,,,,,,,8344,249,
16965,Nigeria,5/27/2020,,,,,,,,,,,,,,,,,,,,,,,,,8733,254,
16966,Nigeria,5/28/2020,,,,,,,,,,,,,,,,,,,,,,,,,8915,259,
16967,Nigeria,5/29/2020,,,,,,,,,,,,,,,,,,,,,,,,,9302,261,
16968,Nigeria,5/30/2020,,,,,,,,,,,,,,,,,,,,,,,,,9855,273,
16969,Nigeria,5/31/2020,,,,,,,,,,,,,,,,,,,,,,,,,10162,287,
17429,Nepal,1/1/2020,0,,,0,,,0,,,0,,,0,,,0,,,0,,,0,,,0,0,0
17430,Nepal,1/2/2020,0,,,0,,,0,,,0,,,0,,,0,,,0,,,0,,,0,0,0
17431,Nepal,1/3/2020,0,,,0,,,0,,,0,,,0,,,0,,,0,,,0,,,0,0,0
17432,Nepal,1/4/2020,0,,,0,,,0,,,0,,,0,,,0,,,0,,,0,,,0,0,0
17433,Nepal,1/5/2020,0,,,0,,,0,,,0,,,0,,,0,,,0,,,0,,,0,0,0
17434,Nepal,1/6/2020,0,,,0,,,0,,,0,,,0,,,0,,,0,,,0,,,0,0,0
17435,Nepal,1/7/2020,0,,,0,,,0,,,0,,,0,,,0,,,0,,,0,,,0,0,0
17436,Nepal,1/8/2020,0,,,0,,,0,,,0,,,0,,,0,,,0,,,0,,,0,0,0
17437,Nepal,1/9/2020,0,,,0,,,0,,,0,,,0,,,0,,,0,,,0,,,0,0,0
17438,Nepal,1/10/2020,0,,,0,,,0,,,0,,,0,,,0,,,0,,,0,,,0,0,0
17439,Nepal,1/11/2020,0,,,0,,,0,,,0,,,0,,,0,,,0,,,0,,,0,0,0
17440,Nepal,1/12/2020,0,,,0,,,0,,,0,,,0,,,0,,,0,,,0,,,0,0,0
17441,Nepal,1/13/2020,0,,,0,,,0,,,0,,,0,,,0,,,0,,,0,,,0,0,0
17442,Nepal,1/14/2020,0,,,0,,,0,,,0,,,0,,,0,,,0,,,0,,,0,0,0
17443,Nepal,1/15/2020,0,,,0,,,0,,,0,,,0,,,0,,,0,,,0,,,0,0,0
17444,Nepal,1/16/2020,0,,,0,,,0,,,0,,,0,,,0,,,0,,,0,,,0,0,5.56
17445,Nepal,1/17/2020,0,,,0,,,0,,,0,,,0,,,0,,,0,,,0,,,0,0,5.56
17446,Nepal,1/18/2020,0,,,0,,,0,,,0,,,0,,,0,,,0,,,0,,,0,0,5.56
17447,Nepal,1/19/2020,0,,,0,,,0,,,0,,,0,,,0,,,0,,,0,,,0,0,5.56
17448,Nepal,1/20/2020,0,,,0,,,0,,,0,,,0,,,0,,,0,,,0,,,0,0,5.56
17449,Nepal,1/21/2020,0,,,0,,,0,,,0,,,0,,,0,,,0,,,0,,,0,0,5.56
17450,Nepal,1/22/2020,0,,,0,,,0,,,0,,,0,,,0,,,0,,,0,,,0,0,5.56
17451,Nepal,1/23/2020,0,,,0,,,0,,,0,,,0,,,0,,,0,,,0,,,0,0,5.56
17452,Nepal,1/24/2020,0,,,0,,,0,,,0,,,0,,,0,,,0,,,0,,,0,0,5.56
17453,Nepal,1/25/2020,0,,,0,,,0,,,0,,,0,,,0,,,0,,,0,,,1,0,8.33
17454,Nepal,1/26/2020,0,,,0,,,0,,,0,,,0,,,0,,,0,,,0,,,1,0,8.33
17455,Nepal,1/27/2020,0,,,0,,,0,,,0,,,0,,,0,,,0,,,0,,,1,0,8.33
17456,Nepal,1/28/2020,0,,,0,,,0,,,0,,,0,,,0,,,0,,,0,,,1,0,13.89
17457,Nepal,1/29/2020,0,,,0,,,0,,,0,,,0,,,0,,,0,,,0,,,1,0,13.89
17458,Nepal,1/30/2020,0,,,0,,,0,,,0,,,0,,,0,,,0,,,0,,,1,0,13.89
17459,Nepal,1/31/2020,0,,,0,,,0,,,0,,,0,,,0,,,0,,,0,,,1,0,13.89
17460,Nepal,2/1/2020,0,,,0,,,0,,,0,,,0,,,0,,,0,,,0,,,1,0,13.89
17461,Nepal,2/2/2020,0,,,0,,,0,,,0,,,0,,,0,,,0,,,0,,,1,0,13.89
17462,Nepal,2/3/2020,0,,,0,,,0,,,0,,,0,,,0,,,0,,,0,,,1,0,13.89
17463,Nepal,2/4/2020,0,,,0,,,0,,,0,,,0,,,0,,,0,,,0,,,1,0,16.67
17464,Nepal,2/5/2020,0,,,0,,,0,,,0,,,0,,,0,,,0,,,0,,,1,0,16.67
17465,Nepal,2/6/2020,0,,,0,,,0,,,0,,,0,,,0,,,0,,,0,,,1,0,16.67
17466,Nepal,2/7/2020,0,,,0,,,0,,,0,,,0,,,0,,,0,,,0,,,1,0,16.67
17467,Nepal,2/8/2020,0,,,0,,,0,,,0,,,0,,,0,,,0,,,0,,,1,0,16.67
17468,Nepal,2/9/2020,0,,,0,,,0,,,0,,,0,,,0,,,0,,,0,,,1,0,16.67
17469,Nepal,2/10/2020,0,,,0,,,0,,,0,,,0,,,0,,,0,,,0,,,1,0,16.67
17470,Nepal,2/11/2020,0,,,0,,,0,,,0,,,0,,,0,,,0,,,0,,,1,0,16.67
17471,Nepal,2/12/2020,0,,,0,,,0,,,0,,,0,,,0,,,0,,,0,,,1,0,16.67
17472,Nepal,2/13/2020,0,,,0,,,0,,,0,,,0,,,0,,,0,,,0,,,1,0,16.67
17473,Nepal,2/14/2020,0,,,0,,,0,,,0,,,0,,,0,,,0,,,0,,,1,0,16.67
17474,Nepal,2/15/2020,0,,,0,,,0,,,0,,,0,,,0,,,0,,,0,,,1,0,16.67
17475,Nepal,2/16/2020,0,,,0,,,0,,,0,,,0,,,0,,,0,,,0,,,1,0,16.67
17476,Nepal,2/17/2020,0,,,0,,,0,,,0,,,0,,,0,,,0,,,0,,,1,0,16.67
17477,Nepal,2/18/2020,0,,,0,,,0,,,0,,,0,,,0,,,0,,,0,,,1,0,16.67
17478,Nepal,2/19/2020,0,,,0,,,0,,,0,,,0,,,0,,,0,,,0,,,1,0,16.67
17479,Nepal,2/20/2020,0,,,0,,,0,,,0,,,0,,,0,,,0,,,0,,,1,0,16.67
17480,Nepal,2/21/2020,0,,,0,,,0,,,0,,,0,,,0,,,0,,,0,,,1,0,16.67
17481,Nepal,2/22/2020,0,,,0,,,0,,,0,,,0,,,0,,,0,,,0,,,1,0,16.67
17482,Nepal,2/23/2020,0,,,0,,,0,,,0,,,0,,,0,,,0,,,0,,,1,0,16.67
17483,Nepal,2/24/2020,0,,,0,,,0,,,0,,,0,,,0,,,0,,,0,,,1,0,16.67
17484,Nepal,2/25/2020,0,,,0,,,0,,,0,,,0,,,0,,,0,,,0,,,1,0,16.67
17485,Nepal,2/26/2020,0,,,0,,,0,,,0,,,0,,,0,,,0,,,0,,,1,0,16.67
17486,Nepal,2/27/2020,0,,,0,,,0,,,0,,,0,,,0,,,0,,,0,,,1,0,16.67
17487,Nepal,2/28/2020,0,,,0,,,0,,,0,,,0,,,0,,,0,,,0,,,1,0,16.67
17488,Nepal,2/29/2020,0,,,0,,,0,,,0,,,0,,,0,,,0,,,0,,,1,0,16.67
17489,Nepal,3/1/2020,0,,,0,,,1,1,,0,,,0,,,0,,,0,,,0,,,1,0,22.22
17490,Nepal,3/2/2020,0,,,0,,,1,1,,0,,,0,,,0,,,0,,,0,,,1,0,22.22
17491,Nepal,3/3/2020,0,,,0,,,1,1,,0,,,0,,,0,,,0,,,0,,,1,0,22.22
17492,Nepal,3/4/2020,0,,,0,,,1,1,,0,,,0,,,0,,,0,,,0,,,1,0,22.22
17493,Nepal,3/5/2020,0,,,0,,,1,1,,0,,,0,,,0,,,0,,,0,,,1,0,22.22
17494,Nepal,3/6/2020,0,,,0,,,1,1,,0,,,0,,,0,,,0,,,0,,,1,0,22.22
17495,Nepal,3/7/2020,0,,,0,,,1,1,,0,,,0,,,0,,,0,,,0,,,1,0,22.22
17496,Nepal,3/8/2020,0,,,0,,,1,1,,0,,,0,,,0,,,0,,,0,,,1,0,22.22
17497,Nepal,3/9/2020,0,,,0,,,1,1,,0,,,0,,,0,,,0,,,0,,,1,0,22.22
17498,Nepal,3/10/2020,0,,,0,,,1,1,,0,,,0,,,0,,,0,,,0,,,1,0,22.22
17499,Nepal,3/11/2020,0,,,0,,,1,1,,0,,,0,,,0,,,0,,,0,,,1,0,22.22
17500,Nepal,3/12/2020,0,,,0,,,1,1,,0,,,0,,,0,,,0,,,0,,,1,0,22.22
17501,Nepal,3/13/2020,0,,,0,,,1,1,,0,,,0,,,0,,,0,,,0,,,1,0,22.22
17502,Nepal,3/14/2020,0,,,0,,,1,1,,0,,,0,,,0,,,0,,,0,,,1,0,22.22
17503,Nepal,3/15/2020,0,,,0,,,1,1,,0,,,0,,,0,,,0,,,0,,,1,0,22.22
17504,Nepal,3/16/2020,0,,,0,,,1,1,,0,,,0,,,0,,,0,,,0,,,1,0,22.22
17505,Nepal,3/17/2020,0,,,0,,,1,1,,0,,,0,,,0,,,0,,,0,,,1,0,22.22
17506,Nepal,3/18/2020,0,,,0,,,2,1,,3,1,,0,,,0,,,0,,,0,,,1,0,36.11
17507,Nepal,3/19/2020,3,,1,0,,,2,1,,3,1,,0,,,0,,,0,,,0,,,1,0,47.22
17508,Nepal,3/20/2020,3,,1,2,1,,2,1,,3,1,,0,,,1,1,,0,,,0,,,1,0,58.33
17509,Nepal,3/21/2020,3,,1,2,1,,2,1,,3,1,,0,,,1,1,,0,,,0,,,1,0,58.33
17510,Nepal,3/22/2020,3,,1,3,1,,2,1,,4,1,,0,,,1,1,,2,1,,0,,,1,0,78.7
17511,Nepal,3/23/2020,3,,1,3,1,,2,1,,4,1,,0,,,2,0,,2,1,,0,,,2,0,83.33
17512,Nepal,3/24/2020,3,,1,3,1,,2,1,,4,1,,2,1,,2,1,,2,1,,0,,,2,0,96.3
17513,Nepal,3/25/2020,3,,1,3,1,,2,1,,4,1,,2,1,,2,1,,2,1,,0,,,3,0,96.3
17514,Nepal,3/26/2020,3,,1,3,1,,2,1,,4,1,,2,1,,2,1,,2,1,,0,,,3,0,96.3
17515,Nepal,3/27/2020,3,,1,3,1,,2,1,,4,1,,2,1,,2,1,,2,1,,0,,,4,0,96.3
17516,Nepal,3/28/2020,3,,1,3,1,,2,1,,4,1,,2,1,,2,1,,2,1,,0,,,5,0,96.3
17517,Nepal,3/29/2020,3,,1,3,1,,2,1,,4,1,,2,1,,2,1,,2,1,,0,,,5,0,96.3
17518,Nepal,3/30/2020,3,,1,3,1,,2,1,,4,1,,2,1,,2,1,,2,1,,1,1,,5,0,96.3
17519,Nepal,3/31/2020,3,,1,3,1,,2,1,,4,1,,2,1,,2,1,,2,1,,1,1,,5,0,96.3
17520,Nepal,4/1/2020,3,,1,3,1,,2,1,,4,1,,2,1,,2,1,,2,1,,1,1,,5,0,96.3
17521,Nepal,4/2/2020,3,,1,3,1,,2,1,,4,1,,2,1,,2,1,,2,1,,1,1,,6,0,96.3
17522,Nepal,4/3/2020,3,,1,3,1,,2,1,,4,1,,2,1,,2,1,,2,1,,1,1,,6,0,96.3
17523,Nepal,4/4/2020,3,,1,3,1,,2,1,,4,1,,2,1,,2,1,,2,1,,1,1,,9,0,96.3
17524,Nepal,4/5/2020,3,,1,3,1,,2,1,,4,1,,2,1,,2,1,,2,1,,1,1,,9,0,96.3
17525,Nepal,4/6/2020,3,,1,3,1,,2,1,,4,1,,2,1,,2,1,,2,1,,1,1,,9,0,96.3
17526,Nepal,4/7/2020,3,,1,3,1,,2,1,,4,1,,2,1,,2,1,,2,1,,1,1,,9,0,96.3
17527,Nepal,4/8/2020,3,,1,3,1,,2,1,,4,1,,2,1,,2,1,,2,1,,1,1,,9,0,96.3
17528,Nepal,4/9/2020,3,,1,3,1,,2,1,,4,1,,2,1,,2,1,,2,1,,1,1,,9,0,96.3
17529,Nepal,4/10/2020,3,,1,3,1,,2,1,,4,1,,2,1,,2,1,,2,1,,1,1,,9,0,96.3
17530,Nepal,4/11/2020,3,,1,3,1,,2,1,,4,1,,2,1,,2,1,,2,1,,1,1,,9,0,96.3
17531,Nepal,4/12/2020,3,,1,3,1,,2,1,,4,1,,2,1,,2,1,,2,1,,1,1,,12,0,96.3
17532,Nepal,4/13/2020,3,,1,3,1,,2,1,,4,1,,2,1,,2,1,,2,1,,1,1,,14,0,96.3
17533,Nepal,4/14/2020,3,,1,3,1,,2,1,,4,1,,2,1,,2,1,,2,1,,1,1,,16,0,96.3
17534,Nepal,4/15/2020,3,,1,3,1,,2,1,,4,1,,2,1,,2,1,,2,1,,1,1,,16,0,96.3
17535,Nepal,4/16/2020,3,,1,3,1,,2,1,,4,1,,2,1,,2,1,,2,1,,1,1,,16,0,96.3
17536,Nepal,4/17/2020,3,,1,3,1,,2,1,,4,1,,2,1,,2,1,,2,1,,1,1,,30,0,96.3
17537,Nepal,4/18/2020,3,,1,3,1,,2,1,,4,1,,2,1,,2,1,,2,1,,1,1,,31,0,96.3
17538,Nepal,4/19/2020,3,,1,3,1,,2,1,,4,1,,2,1,,2,1,,2,1,,1,1,,31,0,96.3
17539,Nepal,4/20/2020,3,,1,3,1,,2,1,,4,1,,2,1,,2,1,,2,1,,1,1,,31,0,96.3
17540,Nepal,4/21/2020,3,,1,3,1,,2,1,,4,1,,2,1,,2,1,,2,1,,1,1,,43,0,96.3
17541,Nepal,4/22/2020,3,,1,3,1,,2,1,,4,1,,2,1,,2,1,,2,1,,1,1,,45,0,96.3
17542,Nepal,4/23/2020,3,,1,3,1,,2,1,,4,1,,2,1,,2,1,,2,1,,1,1,,48,0,96.3
17543,Nepal,4/24/2020,3,,1,3,1,,2,1,,4,1,,2,1,,2,1,,2,1,,1,1,,49,0,96.3
17544,Nepal,4/25/2020,3,,1,3,1,,2,1,,4,1,,2,1,,2,1,,2,1,,1,1,,49,0,96.3
17545,Nepal,4/26/2020,3,,1,3,1,,2,1,,4,1,,2,1,,2,1,,2,1,,1,1,,52,0,96.3
17546,Nepal,4/27/2020,3,,1,3,1,,2,1,,4,1,,2,1,,2,1,,2,1,,1,1,,52,0,96.3
17547,Nepal,4/28/2020,3,,1,3,1,,2,1,,4,1,,2,1,,2,1,,2,1,,1,1,,54,0,96.3
17548,Nepal,4/29/2020,3,,1,3,1,,2,1,,4,1,,2,1,,2,1,,2,1,,1,1,,57,0,96.3
17549,Nepal,4/30/2020,3,,1,3,1,,2,1,,4,1,,2,1,,2,1,,2,1,,1,1,,57,0,96.3
17550,Nepal,5/1/2020,3,,1,3,1,,2,1,,4,1,,2,1,,2,1,,2,1,,1,1,,59,0,96.3
17551,Nepal,5/2/2020,3,,1,3,1,,2,1,,4,1,,2,1,,2,1,,2,1,,1,1,,59,0,96.3
17552,Nepal,5/3/2020,3,,1,3,1,,2,1,,4,1,,2,1,,2,1,,2,1,,1,1,,75,0,96.3
17553,Nepal,5/4/2020,3,,1,3,1,,2,1,,4,1,,2,1,,2,1,,2,1,,1,1,,75,0,96.3
17554,Nepal,5/5/2020,3,,1,3,1,,2,1,,4,1,,2,1,,2,1,,2,1,,1,1,,82,0,96.3
17555,Nepal,5/6/2020,3,,1,3,1,,2,1,,4,1,,2,1,,2,1,,2,1,,1,1,,99,0,96.3
17556,Nepal,5/7/2020,3,,1,2,1,,2,1,,4,1,,2,1,,2,1,,2,1,,1,1,,101,0,92.59
17557,Nepal,5/8/2020,3,,1,2,1,,2,1,,4,1,,2,1,,2,1,,2,1,,1,1,,102,0,92.59
17558,Nepal,5/9/2020,3,,1,2,1,,2,1,,4,1,,2,1,,2,1,,2,1,,1,1,,110,0,92.59
17559,Nepal,5/10/2020,3,,1,2,1,,2,1,,4,1,,2,1,,2,1,,2,1,,1,1,,110,0,92.59
17560,Nepal,5/11/2020,3,,1,2,1,,2,1,,4,1,,2,1,,2,1,,2,1,,1,1,,134,0,92.59
17561,Nepal,5/12/2020,3,,1,2,1,,2,1,,4,1,,2,1,,2,1,,2,1,,1,1,,217,0,92.59
17562,Nepal,5/13/2020,3,,1,2,1,,2,1,,4,1,,2,1,,2,1,,2,1,,1,1,,250,0,92.59
17563,Nepal,5/14/2020,3,,1,2,1,,2,1,,4,1,,2,1,,2,1,,2,1,,1,1,,249,0,92.59
17564,Nepal,5/15/2020,3,,1,2,1,,2,1,,4,1,,2,1,,2,1,,2,1,,1,1,,267,0,92.59
17565,Nepal,5/16/2020,3,,1,2,1,,2,1,,4,1,,2,1,,2,1,,2,1,,1,1,,291,1,92.59
17566,Nepal,5/17/2020,3,,1,2,1,,2,1,,4,1,,2,1,,2,1,,2,1,,1,1,,295,2,92.59
17567,Nepal,5/18/2020,3,,1,2,1,,2,1,,4,1,,2,1,,2,1,,2,1,,1,1,,375,2,92.59
17568,Nepal,5/19/2020,3,,1,2,1,,2,1,,4,1,,2,1,,2,1,,2,1,,1,1,,402,2,92.59
17569,Nepal,5/20/2020,3,,1,2,1,,2,1,,4,1,,2,1,,2,1,,2,1,,1,1,,427,2,92.59
17570,Nepal,5/21/2020,3,,1,2,1,,2,1,,4,1,,2,1,,2,1,,2,1,,1,1,,457,3,92.59
17571,Nepal,5/22/2020,3,,1,2,1,,2,1,,4,1,,2,1,,2,1,,2,1,,1,1,,516,3,92.59
17572,Nepal,5/23/2020,3,,1,2,1,,2,1,,4,1,,2,1,,2,1,,2,1,,1,1,,584,3,92.59
17573,Nepal,5/24/2020,3,,1,2,1,,2,1,,4,1,,2,1,,2,1,,2,1,,1,1,,603,3,92.59
17574,Nepal,5/25/2020,3,,1,2,1,,2,1,,4,1,,2,1,,2,1,,2,1,,1,1,,682,4,92.59
17575,Nepal,5/26/2020,3,,1,2,1,,2,1,,4,1,,2,1,,2,1,,2,1,,1,1,,772,4,92.59
17576,Nepal,5/27/2020,3,,1,2,1,,2,1,,4,1,,2,1,,2,1,,2,1,,1,1,,886,4,92.59
17577,Nepal,5/28/2020,3,,1,2,1,,2,1,,4,1,,2,1,,2,1,,2,1,,1,1,,1042,5,92.59
17578,Nepal,5/29/2020,,,,,,,,,,,,,,,,,,,,,,,,,1212,6,
17579,Nepal,5/30/2020,,,,,,,,,,,,,,,,,,,,,,,,,1401,6,
17580,Nepal,5/31/2020,,,,,,,,,,,,,,,,,,,,,,,,,1572,8,
22167,Sweden,1/1/2020,0,,,0,,,0,,,0,,,0,,,0,,,0,,,0,,,0,0,0
22168,Sweden,1/2/2020,0,,,0,,,0,,,0,,,0,,,0,,,0,,,0,,,0,0,0
22169,Sweden,1/3/2020,0,,,0,,,0,,,0,,,0,,,0,,,0,,,0,,,0,0,0
22170,Sweden,1/4/2020,0,,,0,,,0,,,0,,,0,,,0,,,0,,,0,,,0,0,0
22171,Sweden,1/5/2020,0,,,0,,,0,,,0,,,0,,,0,,,0,,,0,,,0,0,0
22172,Sweden,1/6/2020,0,,,0,,,0,,,0,,,0,,,0,,,0,,,0,,,0,0,0
22173,Sweden,1/7/2020,0,,,0,,,0,,,0,,,0,,,0,,,0,,,0,,,0,0,0
22174,Sweden,1/8/2020,0,,,0,,,0,,,0,,,0,,,0,,,0,,,0,,,0,0,0
22175,Sweden,1/9/2020,0,,,0,,,0,,,0,,,0,,,0,,,0,,,0,,,0,0,0
22176,Sweden,1/10/2020,0,,,0,,,0,,,0,,,0,,,0,,,0,,,0,,,0,0,0
22177,Sweden,1/11/2020,0,,,0,,,0,,,0,,,0,,,0,,,0,,,0,,,0,0,0
22178,Sweden,1/12/2020,0,,,0,,,0,,,0,,,0,,,0,,,0,,,0,,,0,0,0
22179,Sweden,1/13/2020,0,,,0,,,0,,,0,,,0,,,0,,,0,,,0,,,0,0,0
22180,Sweden,1/14/2020,0,,,0,,,0,,,0,,,0,,,0,,,0,,,0,,,0,0,0
22181,Sweden,1/15/2020,0,,,0,,,0,,,0,,,0,,,0,,,0,,,0,,,0,0,0
22182,Sweden,1/16/2020,0,,,0,,,0,,,0,,,0,,,0,,,0,,,0,,,0,0,0
22183,Sweden,1/17/2020,0,,,0,,,0,,,0,,,0,,,0,,,0,,,0,,,0,0,0
22184,Sweden,1/18/2020,0,,,0,,,0,,,0,,,0,,,0,,,0,,,0,,,0,0,0
22185,Sweden,1/19/2020,0,,,0,,,0,,,0,,,0,,,0,,,0,,,0,,,0,0,0
22186,Sweden,1/20/2020,0,,,0,,,0,,,0,,,0,,,0,,,0,,,0,,,0,0,0
22187,Sweden,1/21/2020,0,,,0,,,0,,,0,,,0,,,0,,,0,,,0,,,0,0,0
22188,Sweden,1/22/2020,0,,,0,,,0,,,0,,,0,,,0,,,0,,,0,,,0,0,0
22189,Sweden,1/23/2020,0,,,0,,,0,,,0,,,0,,,0,,,0,,,0,,,0,0,0
22190,Sweden,1/24/2020,0,,,0,,,0,,,0,,,0,,,0,,,0,,,0,,,0,0,0
22191,Sweden,1/25/2020,0,,,0,,,0,,,0,,,0,,,0,,,0,,,0,,,0,0,0
22192,Sweden,1/26/2020,0,,,0,,,0,,,0,,,0,,,0,,,0,,,0,,,0,0,0
22193,Sweden,1/27/2020,0,,,0,,,0,,,0,,,0,,,0,,,0,,,0,,,0,0,0
22194,Sweden,1/28/2020,0,,,0,,,0,,,0,,,0,,,0,,,0,,,0,,,0,0,0
22195,Sweden,1/29/2020,0,,,0,,,0,,,0,,,0,,,0,,,0,,,0,,,0,0,0
22196,Sweden,1/30/2020,0,,,0,,,0,,,0,,,0,,,0,,,0,,,0,,,0,0,0
22197,Sweden,1/31/2020,0,,,0,,,0,,,0,,,0,,,0,,,0,,,0,,,1,0,0
22198,Sweden,2/1/2020,0,,,0,,,0,,,0,,,0,,,0,,,0,,,0,,,1,0,0
22199,Sweden,2/2/2020,0,,,0,,,0,,,0,,,0,,,0,,,0,,,0,,,1,0,0
22200,Sweden,2/3/2020,0,,,0,,,0,,,0,,,0,,,0,,,0,,,0,,,1,0,0
22201,Sweden,2/4/2020,0,,,0,,,0,,,0,,,0,,,0,,,0,,,0,,,1,0,0
22202,Sweden,2/5/2020,0,,,0,,,0,,,0,,,0,,,0,,,0,,,0,,,1,0,0
22203,Sweden,2/6/2020,0,,,0,,,0,,,0,,,0,,,0,,,0,,,0,,,1,0,0
22204,Sweden,2/7/2020,0,,,0,,,0,,,0,,,0,,,0,,,0,,,0,,,1,0,0
22205,Sweden,2/8/2020,0,,,0,,,0,,,0,,,0,,,0,,,0,,,0,,,1,0,0
22206,Sweden,2/9/2020,0,,,0,,,0,,,0,,,0,,,0,,,0,,,0,,,1,0,0
22207,Sweden,2/10/2020,0,,,0,,,0,,,0,,,0,,,0,,,0,,,0,,,1,0,0
22208,Sweden,2/11/2020,0,,,0,,,0,,,0,,,0,,,0,,,0,,,0,,,1,0,0
22209,Sweden,2/12/2020,0,,,0,,,0,,,0,,,0,,,0,,,0,,,0,,,1,0,0
22210,Sweden,2/13/2020,0,,,0,,,0,,,0,,,0,,,0,,,0,,,0,,,1,0,0
22211,Sweden,2/14/2020,0,,,0,,,0,,,0,,,0,,,0,,,0,,,0,,,1,0,0
22212,Sweden,2/15/2020,0,,,0,,,0,,,0,,,0,,,0,,,0,,,0,,,1,0,0
22213,Sweden,2/16/2020,0,,,0,,,0,,,0,,,0,,,0,,,0,,,0,,,1,0,0
22214,Sweden,2/17/2020,0,,,0,,,0,,,0,,,0,,,0,,,0,,,0,,,1,0,0
22215,Sweden,2/18/2020,0,,,0,,,0,,,0,,,0,,,0,,,0,,,0,,,1,0,0
22216,Sweden,2/19/2020,0,,,0,,,0,,,0,,,0,,,0,,,0,,,0,,,1,0,0
22217,Sweden,2/20/2020,0,,,0,,,0,,,0,,,0,,,0,,,0,,,0,,,1,0,0
22218,Sweden,2/21/2020,0,,,0,,,0,,,0,,,0,,,0,,,0,,,0,,,1,0,0
22219,Sweden,2/22/2020,0,,,0,,,0,,,0,,,0,,,0,,,0,,,0,,,1,0,0
22220,Sweden,2/23/2020,0,,,0,,,0,,,0,,,0,,,0,,,0,,,0,,,1,0,0
22221,Sweden,2/24/2020,0,,,0,,,0,,,0,,,0,,,0,,,0,,,0,,,1,0,0
22222,Sweden,2/25/2020,0,,,0,,,0,,,0,,,0,,,0,,,0,,,0,,,1,0,0
22223,Sweden,2/26/2020,0,,,0,,,0,,,0,,,0,,,0,,,0,,,0,,,2,0,0
22224,Sweden,2/27/2020,0,,,0,,,0,,,0,,,0,,,0,,,0,,,0,,,7,0,0
22225,Sweden,2/28/2020,0,,,0,,,0,,,0,,,0,,,0,,,0,,,0,,,7,0,0
22226,Sweden,2/29/2020,0,,,0,,,0,,,0,,,0,,,0,,,0,,,0,,,12,0,0
22227,Sweden,3/1/2020,0,,,0,,,0,,,0,,,0,,,0,,,0,,,0,,,14,0,0
22228,Sweden,3/2/2020,0,,,0,,,0,,,0,,,0,,,0,,,0,,,0,,,15,0,0
22229,Sweden,3/3/2020,0,,,0,,,0,,,0,,,0,,,0,,,0,,,0,,,21,0,0
22230,Sweden,3/4/2020,0,,,0,,,0,,,0,,,0,,,0,,,0,,,0,,,35,0,0
22231,Sweden,3/5/2020,0,,,0,,,0,,,0,,,0,,,0,,,0,,,0,,,94,0,0
22232,Sweden,3/6/2020,0,,,0,,,0,,,0,,,0,,,0,,,0,,,0,,,101,0,0
22233,Sweden,3/7/2020,0,,,0,,,0,,,0,,,0,,,0,,,0,,,0,,,161,0,0
22234,Sweden,3/8/2020,0,,,0,,,0,,,0,,,0,,,0,,,0,,,0,,,203,0,0
22235,Sweden,3/9/2020,0,,,0,,,0,,,0,,,0,,,0,,,0,,,0,,,248,0,11.11
22236,Sweden,3/10/2020,0,,,0,,,0,,,0,,,0,,,0,,,0,,,0,,,355,0,11.11
22237,Sweden,3/11/2020,0,,,0,,,0,,,0,,,0,,,0,,,0,,,2,0,,500,1,11.11
22238,Sweden,3/12/2020,0,,,0,,,0,,,2,1,,0,,,0,,,0,,,2,0,,599,1,16.67
22239,Sweden,3/13/2020,0,,,0,,,0,,,2,1,,0,,,0,,,0,,,2,0,,814,1,16.67
22240,Sweden,3/14/2020,0,,,0,,,0,,,2,1,,0,,,0,,,0,,,2,0,,961,2,16.67
22241,Sweden,3/15/2020,0,,,0,,,0,,,2,1,,0,,,0,,,0,,,2,0,,1022,3,16.67
22242,Sweden,3/16/2020,0,,,0,,,0,,,2,1,,0,,,0,,,0,,,2,0,,1103,6,16.67
22243,Sweden,3/17/2020,0,,,0,,,0,,,2,1,,0,,,0,,,0,,,2,0,,1190,7,16.67
22244,Sweden,3/18/2020,1,,1,0,,,0,,,2,1,,0,,,0,,,0,,,2,0,,1279,10,20.37
22245,Sweden,3/19/2020,1,,1,0,,,0,,,2,1,,0,,,0,,,0,,,2,0,,1439,11,28.7
22246,Sweden,3/20/2020,1,,1,0,,,0,,,2,1,,0,,,0,,,0,,,2,0,,1639,16,28.7
22247,Sweden,3/21/2020,1,,1,0,,,0,,,2,1,,0,,,0,,,0,,,2,0,,1763,20,28.7
22248,Sweden,3/22/2020,1,,1,0,,,0,,,2,1,,0,,,0,,,0,,,2,0,,1934,21,28.7
22249,Sweden,3/23/2020,1,,1,0,,,0,,,2,1,,0,,,0,,,0,,,2,0,,2046,25,28.7
22250,Sweden,3/24/2020,1,,1,0,,,0,,,2,1,,0,,,0,,,0,,,2,0,,2286,36,28.7
22251,Sweden,3/25/2020,1,,1,1,1,,0,,,2,1,,0,,,0,,,0,,,2,0,,2526,62,32.41
22252,Sweden,3/26/2020,1,,1,1,1,,0,,,2,1,,0,,,0,,,0,,,2,0,,2840,77,32.41
22253,Sweden,3/27/2020,1,,1,1,1,,0,,,2,1,,0,,,0,,,0,,,2,0,,3069,105,32.41
22254,Sweden,3/28/2020,1,,1,1,1,,0,,,2,1,,0,,,0,,,0,,,2,0,,3447,105,32.41
22255,Sweden,3/29/2020,1,,1,1,1,,0,,,2,1,,0,,,0,,,0,,,2,0,,3700,110,32.41
22256,Sweden,3/30/2020,1,,1,1,1,,0,,,2,1,,0,,,0,,,0,,,2,0,,4028,146,32.41
22257,Sweden,3/31/2020,1,,1,1,1,,0,,,2,1,,0,,,0,,,0,,,2,0,,4435,180,32.41
22258,Sweden,4/1/2020,1,,1,1,1,,1,1,,2,1,,0,,,0,,,0,,,2,0,,4947,239,37.96
22259,Sweden,4/2/2020,1,,1,1,1,,1,1,,2,1,,0,,,0,,,0,,,2,0,,5568,308,37.96
22260,Sweden,4/3/2020,1,,1,1,1,,1,1,,2,1,,0,,,0,,,0,,,2,0,,6131,358,37.96
22261,Sweden,4/4/2020,1,,1,1,1,,1,1,,2,1,,0,,,0,,,1,1,,2,0,,6443,373,43.52
22262,Sweden,4/5/2020,1,,1,1,1,,1,1,,2,1,,0,,,0,,,1,1,,2,0,,6830,401,43.52
22263,Sweden,4/6/2020,1,,1,1,1,,1,1,,2,1,,0,,,0,,,1,1,,2,0,,7206,477,43.52
22264,Sweden,4/7/2020,1,,1,1,1,,1,1,,2,1,,0,,,0,,,1,1,,2,0,,7693,591,43.52
22265,Sweden,4/8/2020,1,,1,1,1,,1,1,,2,1,,0,,,0,,,1,1,,2,0,,8419,687,43.52
22266,Sweden,4/9/2020,1,,1,1,1,,1,1,,2,1,,0,,,0,,,1,1,,2,0,,9141,793,43.52
22267,Sweden,4/10/2020,1,,1,1,1,,1,1,,2,1,,0,,,0,,,1,1,,2,0,,9685,870,43.52
22268,Sweden,4/11/2020,1,,1,1,1,,1,1,,2,1,,0,,,0,,,1,1,,2,0,,10151,887,43.52
22269,Sweden,4/12/2020,1,,1,1,1,,1,1,,2,1,,0,,,0,,,1,1,,2,0,,10483,899,43.52
22270,Sweden,4/13/2020,1,,1,1,1,,1,1,,2,1,,0,,,0,,,1,1,,2,0,,10948,919,43.52
22271,Sweden,4/14/2020,1,,1,1,1,,1,1,,2,1,,0,,,0,,,1,1,,2,0,,11445,1033,43.52
22272,Sweden,4/15/2020,1,,1,1,1,,1,1,,2,1,,0,,,0,,,1,1,,2,0,,11927,1203,43.52
22273,Sweden,4/16/2020,1,,1,1,1,,1,1,,2,1,,0,,,0,,,1,1,,2,0,,12540,1333,43.52
22274,Sweden,4/17/2020,1,,1,1,1,,1,1,,2,1,,0,,,0,,,1,1,,2,0,,13216,1400,43.52
22275,Sweden,4/18/2020,1,,1,1,1,,1,1,,2,1,,0,,,0,,,1,1,,2,0,,13822,1511,43.52
22276,Sweden,4/19/2020,1,,1,1,1,,1,1,,2,1,,0,,,0,,,1,1,,2,0,,14385,1540,43.52
22277,Sweden,4/20/2020,1,,1,1,1,,1,1,,2,1,,0,,,0,,,1,1,,2,0,,14777,1580,43.52
22278,Sweden,4/21/2020,1,,1,1,1,,1,1,,2,1,,0,,,0,,,1,1,,2,0,,15322,1765,43.52
22279,Sweden,4/22/2020,1,,1,1,1,,1,1,,2,1,,0,,,0,,,1,1,,2,0,,16004,1937,43.52
22280,Sweden,4/23/2020,1,,1,1,1,,1,1,,2,1,,0,,,0,,,1,1,,2,0,,16755,2021,43.52
22281,Sweden,4/24/2020,1,,1,1,1,,1,1,,3,1,,0,,,0,,,1,1,,2,0,,17567,2152,46.3
22282,Sweden,4/25/2020,1,,1,1,1,,1,1,,3,1,,0,,,0,,,1,1,,2,0,,18177,2192,46.3
22283,Sweden,4/26/2020,1,,1,1,1,,1,1,,3,1,,0,,,0,,,1,1,,2,0,,18640,2194,46.3
22284,Sweden,4/27/2020,1,,1,1,1,,1,1,,3,1,,0,,,0,,,1,1,,2,0,,18926,2274,46.3
22285,Sweden,4/28/2020,1,,1,1,1,,1,1,,3,1,,0,,,0,,,1,1,,2,0,,19621,2355,46.3
22286,Sweden,4/29/2020,1,,1,1,1,,1,1,,3,1,,0,,,0,,,1,1,,2,0,,20302,2462,46.3
22287,Sweden,4/30/2020,1,,1,1,1,,1,1,,3,1,,0,,,0,,,1,1,,2,0,,21092,2586,46.3
22288,Sweden,5/1/2020,1,,1,1,1,,1,1,,3,1,,0,,,0,,,1,1,,2,0,,21520,2653,46.3
22289,Sweden,5/2/2020,1,,1,1,1,,1,1,,3,1,,0,,,0,,,1,1,,2,0,,22082,2669,46.3
22290,Sweden,5/3/2020,1,,1,1,1,,1,1,,3,1,,0,,,0,,,1,1,,2,0,,22317,2679,46.3
22291,Sweden,5/4/2020,1,,1,1,1,,1,1,,3,1,,0,,,0,,,1,1,,2,0,,22721,2769,46.3
22292,Sweden,5/5/2020,1,,1,1,1,,1,1,,3,1,,0,,,0,,,1,1,,2,0,,23216,2854,46.3
22293,Sweden,5/6/2020,1,,1,1,1,,1,1,,3,1,,0,,,0,,,1,1,,2,0,,23918,2941,46.3
22294,Sweden,5/7/2020,1,,1,1,1,,1,1,,3,1,,0,,,0,,,1,1,,2,0,,24623,3040,46.3
22295,Sweden,5/8/2020,1,,1,1,1,,1,1,,3,1,,0,,,0,,,1,1,,2,0,,25265,3175,46.3
22296,Sweden,5/9/2020,1,,1,1,1,,1,1,,3,1,,0,,,0,,,1,1,,2,0,,25921,3220,46.3
22297,Sweden,5/10/2020,1,,1,1,1,,1,1,,3,1,,0,,,0,,,1,1,,2,0,,26322,3225,46.3
22298,Sweden,5/11/2020,1,,1,1,1,,1,1,,3,1,,0,,,0,,,1,1,,2,0,,26670,3256,46.3
22299,Sweden,5/12/2020,1,,1,1,1,,1,1,,3,1,,0,,,0,,,1,1,,2,0,,27272,3313,46.3
22300,Sweden,5/13/2020,1,,1,1,1,,1,1,,3,1,,0,,,0,,,1,1,,2,0,,27909,3460,46.3
22301,Sweden,5/14/2020,1,,1,1,1,,1,1,,3,1,,0,,,0,,,1,1,,2,0,,28582,3529,46.3
22302,Sweden,5/15/2020,1,,1,1,1,,1,1,,3,1,,0,,,0,,,1,1,,2,0,,29207,3646,46.3
22303,Sweden,5/16/2020,1,,1,1,1,,1,1,,3,1,,0,,,0,,,1,1,,2,0,,29677,3674,46.3
22304,Sweden,5/17/2020,1,,1,1,1,,1,1,,3,1,,0,,,0,,,1,1,,2,0,,30143,3679,46.3
22305,Sweden,5/18/2020,1,,1,1,1,,1,1,,3,1,,0,,,0,,,1,1,,2,0,,30377,3698,46.3
22306,Sweden,5/19/2020,1,,1,1,1,,1,1,,3,1,,0,,,0,,,1,1,,2,0,,30799,3743,46.3
22307,Sweden,5/20/2020,1,,1,1,1,,1,1,,3,1,,0,,,0,,,1,1,,2,0,,31523,3831,46.3
22308,Sweden,5/21/2020,1,,1,1,1,,1,1,,3,1,,0,,,0,,,1,1,,2,0,,32172,3871,46.3
22309,Sweden,5/22/2020,1,,1,1,1,,1,1,,3,1,,0,,,0,,,1,1,,2,0,,32809,3925,46.3
22310,Sweden,5/23/2020,1,,1,1,1,,1,1,,3,1,,0,,,0,,,1,1,,2,0,,33188,3992,46.3
22311,Sweden,5/24/2020,1,,1,1,1,,1,1,,3,1,,0,,,0,,,1,1,,2,0,,33459,3998,46.3
22312,Sweden,5/25/2020,1,,1,1,1,,1,1,,3,1,,0,,,0,,,1,1,,2,0,,33843,4029,46.3
22313,Sweden,5/26/2020,1,,1,1,1,,1,1,,3,1,,0,,,0,,,1,1,,2,0,,34440,4125,46.3
22314,Sweden,5/27/2020,1,,1,1,1,,1,1,,3,1,,0,,,0,,,1,1,,2,0,,35088,4220,46.3
22315,Sweden,5/28/2020,1,,1,1,1,,1,1,,3,1,,0,,,0,,,1,1,,2,0,,35727,4266,46.3
22316,Sweden,5/29/2020,,,,,,,1,1,,,,,,,,,,,,,,,,,36476,4350,
22317,Sweden,5/30/2020,,,,,,,1,1,,,,,,,,,,,,,,,,,37113,4395,
22318,Sweden,5/31/2020,,,,,,,1,1,,,,,,,,,,,,,,,,,37542,4395,
